fecha_sintomas,casos_confirmados,hospitalizaciones,defunciones,casos_confirmados_lag_1,casos_confirmados_lag_7,casos_confirmados_lag_14
2020-02-19,1,0,0,,,
2020-02-22,2,1,0,1.0,,
2020-02-23,1,0,0,2.0,,
2020-02-25,1,0,0,1.0,,
2020-02-26,1,1,1,1.0,,
2020-02-27,2,0,0,1.0,,
2020-02-28,3,1,0,2.0,,
2020-02-29,5,1,1,3.0,1.0,
2020-03-01,11,3,1,5.0,2.0,
2020-03-02,19,2,2,11.0,1.0,
2020-03-03,19,5,2,19.0,1.0,
2020-03-04,15,4,3,19.0,1.0,
2020-03-05,12,0,0,15.0,2.0,
2020-03-06,16,4,3,12.0,3.0,
2020-03-07,21,3,0,16.0,5.0,1.0
2020-03-08,29,2,2,21.0,11.0,2.0
2020-03-09,69,11,2,29.0,19.0,1.0
2020-03-10,60,5,1,69.0,19.0,1.0
2020-03-11,64,8,0,60.0,15.0,1.0
2020-03-12,94,35,1,64.0,12.0,2.0
2020-03-13,112,26,7,94.0,16.0,3.0
2020-03-14,106,27,6,112.0,21.0,5.0
2020-03-15,119,29,12,106.0,29.0,11.0
2020-03-16,147,33,16,119.0,69.0,19.0
2020-03-17,148,55,13,147.0,60.0,19.0
2020-03-18,154,51,13,148.0,64.0,15.0
2020-03-19,138,62,17,154.0,94.0,12.0
2020-03-20,227,94,34,138.0,112.0,16.0
2020-03-21,158,70,27,227.0,106.0,21.0
2020-03-22,180,74,28,158.0,119.0,29.0
2020-03-23,263,118,44,180.0,147.0,69.0
2020-03-24,209,79,35,263.0,148.0,60.0
2020-03-25,251,104,45,209.0,154.0,64.0
2020-03-26,298,140,54,251.0,138.0,94.0
2020-03-27,321,128,51,298.0,227.0,112.0
2020-03-28,311,119,58,321.0,158.0,106.0
2020-03-29,303,137,65,311.0,180.0,119.0
2020-03-30,427,192,80,303.0,263.0,147.0
2020-03-31,338,155,76,427.0,209.0,148.0
2020-04-01,543,259,113,338.0,251.0,154.0
2020-04-02,484,242,112,543.0,298.0,138.0
2020-04-03,499,237,120,484.0,321.0,227.0
2020-04-04,493,213,105,499.0,311.0,158.0
2020-04-05,489,206,99,493.0,303.0,180.0
2020-04-06,657,304,142,489.0,427.0,263.0
2020-04-07,567,265,137,657.0,338.0,209.0
2020-04-08,710,363,189,567.0,543.0,251.0
2020-04-09,705,302,159,710.0,484.0,298.0
2020-04-10,1077,520,247,705.0,499.0,321.0
2020-04-11,808,352,170,1077.0,493.0,311.0
2020-04-12,872,423,220,808.0,489.0,303.0
2020-04-13,1072,481,263,872.0,657.0,427.0
2020-04-14,1020,462,238,1072.0,567.0,338.0
2020-04-15,1191,581,303,1020.0,710.0,543.0
2020-04-16,1165,562,293,1191.0,705.0,484.0
2020-04-17,1342,603,343,1165.0,1077.0,499.0
2020-04-18,1410,680,366,1342.0,808.0,493.0
2020-04-19,1259,606,318,1410.0,872.0,489.0
2020-04-20,2079,948,508,1259.0,1072.0,657.0
2020-04-21,1372,645,336,2079.0,1020.0,567.0
2020-04-22,1436,668,358,1372.0,1191.0,710.0
2020-04-23,1473,698,377,1436.0,1165.0,705.0
2020-04-24,1751,785,464,1473.0,1342.0,1077.0
2020-04-25,1817,857,448,1751.0,1410.0,808.0
2020-04-26,1624,737,422,1817.0,1259.0,872.0
2020-04-27,1985,875,501,1624.0,2079.0,1072.0
2020-04-28,1742,783,422,1985.0,1372.0,1020.0
2020-04-29,1570,679,382,1742.0,1436.0,1191.0
2020-04-30,2145,919,503,1570.0,1473.0,1165.0
2020-05-01,2997,1259,761,2145.0,1751.0,1342.0
2020-05-02,2102,813,458,2997.0,1817.0,1410.0
2020-05-03,1992,799,433,2102.0,1624.0,1259.0
2020-05-04,2517,963,542,1992.0,1985.0,2079.0
2020-05-05,2558,1046,614,2517.0,1742.0,1372.0
2020-05-06,2285,936,521,2558.0,1570.0,1436.0
2020-05-07,2507,948,526,2285.0,2145.0,1473.0
2020-05-08,2915,1149,620,2507.0,2997.0,1751.0
2020-05-09,2598,966,533,2915.0,2102.0,1817.0
2020-05-10,3510,1482,846,2598.0,1992.0,1624.0
2020-05-11,3218,1184,654,3510.0,2517.0,1985.0
2020-05-12,2922,1020,547,3218.0,2558.0,1742.0
2020-05-13,2840,996,543,2922.0,2285.0,1570.0
2020-05-14,2879,1059,566,2840.0,2507.0,2145.0
2020-05-15,4230,1395,732,2879.0,2915.0,2997.0
2020-05-16,3142,1049,545,4230.0,2598.0,2102.0
2020-05-17,3060,1068,576,3142.0,3510.0,1992.0
2020-05-18,4412,1403,746,3060.0,3218.0,2517.0
2020-05-19,3418,1168,614,4412.0,2922.0,2558.0
2020-05-20,4698,1604,827,3418.0,2840.0,2285.0
2020-05-21,3216,1060,552,4698.0,2879.0,2507.0
2020-05-22,4027,1280,661,3216.0,4230.0,2915.0
2020-05-23,3708,1220,626,4027.0,3142.0,2598.0
2020-05-24,3483,1174,627,3708.0,3060.0,3510.0
2020-05-25,5245,1641,841,3483.0,4412.0,3218.0
2020-05-26,3848,1232,633,5245.0,3418.0,2922.0
2020-05-27,3682,1201,621,3848.0,4698.0,2840.0
2020-05-28,4195,1296,683,3682.0,3216.0,2879.0
2020-05-29,4216,1255,622,4195.0,4027.0,4230.0
2020-05-30,4066,1243,612,4216.0,3708.0,3142.0
2020-05-31,3778,1298,687,4066.0,3483.0,3060.0
2020-06-01,6910,2256,1181,3778.0,5245.0,4412.0
2020-06-02,4338,1404,684,6910.0,3848.0,3418.0
2020-06-03,4288,1270,639,4338.0,3682.0,4698.0
2020-06-04,4408,1327,661,4288.0,4195.0,3216.0
2020-06-05,5471,1480,750,4408.0,4216.0,4027.0
2020-06-06,5096,1512,714,5471.0,4066.0,3708.0
2020-06-07,4315,1338,646,5096.0,3778.0,3483.0
2020-06-08,5793,1617,804,4315.0,6910.0,5245.0
2020-06-09,4693,1373,712,5793.0,4338.0,3848.0
2020-06-10,6332,1825,895,4693.0,4288.0,3682.0
2020-06-11,4596,1249,600,6332.0,4408.0,4195.0
2020-06-12,5393,1482,747,4596.0,5471.0,4216.0
2020-06-13,4764,1334,597,5393.0,5096.0,4066.0
2020-06-14,4640,1373,659,4764.0,4315.0,3778.0
2020-06-15,7141,1925,920,4640.0,5793.0,6910.0
2020-06-16,5374,1437,670,7141.0,4693.0,4338.0
2020-06-17,4627,1232,609,5374.0,6332.0,4288.0
2020-06-18,5651,1562,726,4627.0,4596.0,4408.0
2020-06-19,5743,1543,744,5651.0,5393.0,5471.0
2020-06-20,7523,2039,931,5743.0,4764.0,5096.0
2020-06-21,4768,1322,634,7523.0,4640.0,4315.0
2020-06-22,6095,1522,771,4768.0,7141.0,5793.0
2020-06-23,5266,1313,626,6095.0,5374.0,4693.0
2020-06-24,5224,1389,693,5266.0,4627.0,6332.0
2020-06-25,6260,1602,752,5224.0,5651.0,4596.0
2020-06-26,6790,1646,816,6260.0,5743.0,5393.0
2020-06-27,5299,1381,652,6790.0,7523.0,4764.0
2020-06-28,6363,1718,826,5299.0,4768.0,4640.0
2020-06-29,6730,1595,772,6363.0,6095.0,7141.0
2020-06-30,6721,1665,830,6730.0,5266.0,5374.0
2020-07-01,8660,2296,1155,6721.0,5224.0,4627.0
2020-07-02,6342,1733,863,8660.0,6260.0,5651.0
2020-07-03,6773,1648,812,6342.0,6790.0,5743.0
2020-07-04,5896,1514,730,6773.0,5299.0,7523.0
2020-07-05,6509,1537,788,5896.0,6363.0,4768.0
2020-07-06,7206,1676,814,6509.0,6730.0,6095.0
2020-07-07,6589,1641,820,7206.0,6721.0,5266.0
2020-07-08,6018,1505,734,6589.0,8660.0,5224.0
2020-07-09,6171,1448,687,6018.0,6342.0,6260.0
2020-07-10,9517,2133,1060,6171.0,6773.0,6790.0
2020-07-11,6074,1428,705,9517.0,5896.0,5299.0
2020-07-12,6358,1495,744,6074.0,6509.0,6363.0
2020-07-13,7704,1627,795,6358.0,7206.0,6730.0
2020-07-14,6454,1518,731,7704.0,6589.0,6721.0
2020-07-15,8112,1832,881,6454.0,6018.0,8660.0
2020-07-16,6489,1539,737,8112.0,6171.0,6342.0
2020-07-17,7231,1605,793,6489.0,9517.0,6773.0
2020-07-18,7221,1595,762,7231.0,6074.0,5896.0
2020-07-19,6474,1482,741,7221.0,6358.0,6509.0
2020-07-20,9887,2297,1139,6474.0,7704.0,7206.0
2020-07-21,6047,1326,624,9887.0,6454.0,6589.0
2020-07-22,5945,1429,689,6047.0,8112.0,6018.0
2020-07-23,5891,1373,696,5945.0,6489.0,6171.0
2020-07-24,6392,1455,707,5891.0,7231.0,9517.0
2020-07-25,7477,1628,827,6392.0,7221.0,6074.0
2020-07-26,5697,1312,634,7477.0,6474.0,6358.0
2020-07-27,7349,1638,805,5697.0,9887.0,7704.0
2020-07-28,6012,1338,646,7349.0,6047.0,6454.0
2020-07-29,5183,1170,583,6012.0,5945.0,8112.0
2020-07-30,5318,1180,589,5183.0,5891.0,6489.0
2020-07-31,5597,1285,596,5318.0,6392.0,7231.0
2020-08-01,8294,1834,880,5597.0,7477.0,7221.0
2020-08-02,5276,1152,509,8294.0,5697.0,6474.0
2020-08-03,6343,1412,705,5276.0,7349.0,9887.0
2020-08-04,4925,1080,527,6343.0,6012.0,6047.0
2020-08-05,5670,1251,599,4925.0,5183.0,5945.0
2020-08-06,4903,1068,511,5670.0,5318.0,5891.0
2020-08-07,5396,1136,534,4903.0,5597.0,6392.0
2020-08-08,5606,1212,541,5396.0,8294.0,7477.0
2020-08-09,4661,1023,483,5606.0,5276.0,5697.0
2020-08-10,7873,1620,741,4661.0,6343.0,7349.0
2020-08-11,4904,1002,473,7873.0,4925.0,6012.0
2020-08-12,4917,944,424,4904.0,5670.0,5183.0
2020-08-13,4807,1023,484,4917.0,4903.0,5318.0
2020-08-14,5503,1199,555,4807.0,5396.0,5597.0
2020-08-15,5978,1226,554,5503.0,5606.0,8294.0
2020-08-16,4676,1019,436,5978.0,4661.0,5276.0
2020-08-17,5811,1189,533,4676.0,7873.0,6343.0
2020-08-18,5800,1137,513,5811.0,4904.0,4925.0
2020-08-19,4779,1046,462,5800.0,4917.0,5670.0
2020-08-20,7529,1580,708,4779.0,4807.0,4903.0
2020-08-21,5230,986,435,7529.0,5503.0,5396.0
2020-08-22,4924,915,419,5230.0,5978.0,5606.0
2020-08-23,4590,852,401,4924.0,4676.0,4661.0
2020-08-24,5999,1067,497,4590.0,5811.0,7873.0
2020-08-25,5872,1052,477,5999.0,5800.0,4904.0
2020-08-26,4917,899,425,5872.0,4779.0,4917.0
2020-08-27,4976,948,415,4917.0,7529.0,4807.0
2020-08-28,6261,1170,542,4976.0,5230.0,5503.0
2020-08-29,4465,778,330,6261.0,4924.0,5978.0
2020-08-30,4928,895,418,4465.0,4590.0,4676.0
2020-08-31,5719,1018,487,4928.0,5999.0,5811.0
2020-09-01,7223,1431,592,5719.0,5872.0,5800.0
2020-09-02,4892,876,409,7223.0,4917.0,4779.0
2020-09-03,4704,873,380,4892.0,4976.0,7529.0
2020-09-04,4805,890,422,4704.0,6261.0,5230.0
2020-09-05,5186,977,429,4805.0,4465.0,4924.0
2020-09-06,4187,769,371,5186.0,4928.0,4590.0
2020-09-07,5187,935,408,4187.0,5719.0,5999.0
2020-09-08,4627,841,407,5187.0,7223.0,5872.0
2020-09-09,4346,827,360,4627.0,4892.0,4917.0
2020-09-10,5525,1127,498,4346.0,4704.0,4976.0
2020-09-11,4274,777,351,5525.0,4805.0,6261.0
2020-09-12,3657,740,319,4274.0,5186.0,4465.0
2020-09-13,3459,695,305,3657.0,4187.0,4928.0
2020-09-14,4794,909,362,3459.0,5187.0,5719.0
2020-09-15,5063,933,390,4794.0,4627.0,7223.0
2020-09-16,3658,787,379,5063.0,4346.0,4892.0
2020-09-17,4462,773,340,3658.0,5525.0,4704.0
2020-09-18,5043,843,361,4462.0,4274.0,4805.0
2020-09-19,4758,723,315,5043.0,3657.0,5186.0
2020-09-20,5883,1013,448,4758.0,3459.0,4187.0
2020-09-21,5004,841,388,5883.0,4794.0,5187.0
2020-09-22,4195,715,311,5004.0,5063.0,4627.0
2020-09-23,4071,651,323,4195.0,3658.0,4346.0
2020-09-24,4043,698,294,4071.0,4462.0,5525.0
2020-09-25,5238,907,388,4043.0,5043.0,4274.0
2020-09-26,4069,647,276,5238.0,4758.0,3657.0
2020-09-27,4100,758,357,4069.0,5883.0,3459.0
2020-09-28,5198,905,411,4100.0,5004.0,4794.0
2020-09-29,4424,797,356,5198.0,4195.0,5063.0
2020-09-30,4390,842,359,4424.0,4071.0,3658.0
2020-10-01,6243,1285,592,4390.0,4043.0,4462.0
2020-10-02,4773,882,394,6243.0,5238.0,5043.0
2020-10-03,4279,755,345,4773.0,4069.0,4758.0
2020-10-04,4095,722,329,4279.0,4100.0,5883.0
2020-10-05,6036,1050,444,4095.0,5198.0,5004.0
2020-10-06,4689,743,320,6036.0,4424.0,4195.0
2020-10-07,4913,867,418,4689.0,4390.0,4071.0
2020-10-08,4954,857,405,4913.0,6243.0,4043.0
2020-10-09,5275,867,389,4954.0,4773.0,5238.0
2020-10-10,7425,1266,636,5275.0,4279.0,4069.0
2020-10-11,4767,814,368,7425.0,4095.0,4100.0
2020-10-12,6656,1093,530,4767.0,6036.0,5198.0
2020-10-13,5472,914,416,6656.0,4689.0,4424.0
2020-10-14,5159,888,445,5472.0,4913.0,4390.0
2020-10-15,6574,1211,620,5159.0,4954.0,6243.0
2020-10-16,5986,931,434,6574.0,5275.0,4773.0
2020-10-17,5481,909,423,5986.0,7425.0,4279.0
2020-10-18,5967,960,463,5481.0,4767.0,4095.0
2020-10-19,7470,1104,563,5967.0,6656.0,6036.0
2020-10-20,8223,1285,616,7470.0,5472.0,4689.0
2020-10-21,5462,843,418,8223.0,5159.0,4913.0
2020-10-22,5793,939,476,5462.0,6574.0,4954.0
2020-10-23,5912,941,445,5793.0,5986.0,5275.0
2020-10-24,5185,830,415,5912.0,5481.0,7425.0
2020-10-25,6112,1090,576,5185.0,5967.0,4767.0
2020-10-26,6906,1088,519,6112.0,7470.0,6656.0
2020-10-27,5659,915,447,6906.0,8223.0,5472.0
2020-10-28,5813,1003,495,5659.0,5462.0,5159.0
2020-10-29,5020,850,418,5813.0,5793.0,6574.0
2020-10-30,6076,985,495,5020.0,5912.0,5986.0
2020-10-31,4890,890,445,6076.0,5185.0,5481.0
2020-11-01,7855,1537,787,4890.0,6112.0,5967.0
2020-11-02,6687,1262,612,7855.0,6906.0,7470.0
2020-11-03,6430,1016,473,6687.0,5659.0,8223.0
2020-11-04,6014,1016,486,6430.0,5813.0,5462.0
2020-11-05,6526,1087,543,6014.0,5020.0,5793.0
2020-11-06,6592,1026,489,6526.0,6076.0,5912.0
2020-11-07,6129,1058,537,6592.0,4890.0,5185.0
2020-11-08,5869,990,501,6129.0,7855.0,6112.0
2020-11-09,7812,1203,608,5869.0,6687.0,6906.0
2020-11-10,8283,1413,721,7812.0,6430.0,5659.0
2020-11-11,6303,1027,494,8283.0,6014.0,5813.0
2020-11-12,5947,1082,553,6303.0,6526.0,5020.0
2020-11-13,5928,1111,576,5947.0,6592.0,6076.0
2020-11-14,5712,1031,519,5928.0,6129.0,4890.0
2020-11-15,7257,1347,706,5712.0,5869.0,7855.0
2020-11-16,7049,1242,662,7257.0,7812.0,6687.0
2020-11-17,7306,1081,539,7049.0,8283.0,6430.0
2020-11-18,7363,1230,632,7306.0,6303.0,6014.0
2020-11-19,6946,1107,560,7363.0,5947.0,6526.0
2020-11-20,11007,1719,881,6946.0,5928.0,6592.0
2020-11-21,6824,954,501,11007.0,5712.0,6129.0
2020-11-22,7052,1097,599,6824.0,7257.0,5869.0
2020-11-23,9028,1236,661,7052.0,7049.0,7812.0
2020-11-24,7757,1093,613,9028.0,7306.0,8283.0
2020-11-25,8662,1300,679,7757.0,7363.0,6303.0
2020-11-26,7516,1124,583,8662.0,6946.0,5947.0
2020-11-27,8240,1153,616,7516.0,11007.0,5928.0
2020-11-28,8468,1265,610,8240.0,6824.0,5712.0
2020-11-29,7615,1176,626,8468.0,7052.0,7257.0
2020-11-30,11513,1633,848,7615.0,9028.0,7049.0
2020-12-01,12951,2019,1084,11513.0,7757.0,7306.0
2020-12-02,9352,1383,736,12951.0,8662.0,7363.0
2020-12-03,9248,1339,705,9352.0,7516.0,6946.0
2020-12-04,9622,1362,726,9248.0,8240.0,11007.0
2020-12-05,10502,1482,775,9622.0,8468.0,6824.0
2020-12-06,8516,1226,635,10502.0,7615.0,7052.0
2020-12-07,12203,1609,881,8516.0,11513.0,9028.0
2020-12-08,10515,1414,759,12203.0,12951.0,7757.0
2020-12-09,10651,1433,771,10515.0,9352.0,8662.0
2020-12-10,12685,1991,1074,10651.0,9248.0,7516.0
2020-12-11,10890,1427,826,12685.0,9622.0,8240.0
2020-12-12,10881,1580,850,10890.0,10502.0,8468.0
2020-12-13,9335,1417,775,10881.0,8516.0,7615.0
2020-12-14,12676,1743,974,9335.0,12203.0,11513.0
2020-12-15,12107,1944,1066,12676.0,10515.0,12951.0
2020-12-16,10000,1542,877,12107.0,10651.0,9352.0
2020-12-17,9687,1536,840,10000.0,12685.0,9248.0
2020-12-18,11409,1782,1025,9687.0,10890.0,9622.0
2020-12-19,9565,1536,905,11409.0,10881.0,10502.0
2020-12-20,11174,2219,1267,9565.0,9335.0,8516.0
2020-12-21,10386,1675,968,11174.0,12676.0,12203.0
2020-12-22,9447,1498,857,10386.0,12107.0,10515.0
2020-12-23,9195,1581,932,9447.0,10000.0,10651.0
2020-12-24,10590,2042,1211,9195.0,9687.0,12685.0
2020-12-25,10472,1994,1215,10590.0,11409.0,10890.0
2020-12-26,10604,1752,1005,10472.0,9565.0,10881.0
2020-12-27,10705,2023,1209,10604.0,11174.0,9335.0
2020-12-28,13991,2306,1363,10705.0,10386.0,12676.0
2020-12-29,10028,1613,965,13991.0,9447.0,12107.0
2020-12-30,10674,1868,1090,10028.0,9195.0,10000.0
2020-12-31,12641,2269,1302,10674.0,10590.0,9687.0
2021-01-01,17450,3705,2202,12641.0,10472.0,11409.0
2021-01-02,13758,2169,1248,17450.0,10604.0,9565.0
2021-01-03,14202,2335,1370,13758.0,10705.0,11174.0
2021-01-04,18696,2608,1496,14202.0,13991.0,10386.0
2021-01-05,16732,2653,1547,18696.0,10028.0,9447.0
2021-01-06,14627,2442,1394,16732.0,10674.0,9195.0
2021-01-07,14602,2315,1358,14627.0,12641.0,10590.0
2021-01-08,15823,2521,1436,14602.0,17450.0,10472.0
2021-01-09,14583,2141,1225,15823.0,13758.0,10604.0
2021-01-10,17201,3192,1857,14583.0,14202.0,10705.0
2021-01-11,17414,2590,1461,17201.0,18696.0,13991.0
2021-01-12,14778,2442,1370,17414.0,16732.0,10028.0
2021-01-13,14146,2228,1261,14778.0,14627.0,10674.0
2021-01-14,14176,2347,1380,14146.0,14602.0,12641.0
2021-01-15,16637,2976,1671,14176.0,15823.0,17450.0
2021-01-16,13322,2215,1245,16637.0,14583.0,13758.0
2021-01-17,11621,2043,1208,13322.0,17201.0,14202.0
2021-01-18,16985,2747,1528,11621.0,17414.0,18696.0
2021-01-19,13558,2047,1142,16985.0,14778.0,16732.0
2021-01-20,16482,2967,1634,13558.0,14146.0,14627.0
2021-01-21,11859,1939,1106,16482.0,14176.0,14602.0
2021-01-22,12372,1986,1063,11859.0,16637.0,15823.0
2021-01-23,11250,1739,950,12372.0,13322.0,14583.0
2021-01-24,9864,1702,951,11250.0,11621.0,17201.0
2021-01-25,14410,2296,1275,9864.0,16985.0,17414.0
2021-01-26,10616,1621,878,14410.0,13558.0,14778.0
2021-01-27,9350,1563,867,10616.0,16482.0,14146.0
2021-01-28,9818,1752,973,9350.0,11859.0,14176.0
2021-01-29,8091,1490,794,9818.0,12372.0,16637.0
2021-01-30,7782,1314,744,8091.0,11250.0,13322.0
2021-01-31,6755,1541,849,7782.0,9864.0,11621.0
2021-02-01,10668,2361,1316,6755.0,14410.0,16985.0
2021-02-02,9210,1534,808,10668.0,10616.0,13558.0
2021-02-03,7768,1154,602,9210.0,9350.0,16482.0
2021-02-04,7348,1089,589,7768.0,9818.0,11859.0
2021-02-05,8436,1352,706,7348.0,8091.0,12372.0
2021-02-06,6482,993,533,8436.0,7782.0,11250.0
2021-02-07,5677,1104,588,6482.0,6755.0,9864.0
2021-02-08,8468,1268,646,5677.0,10668.0,14410.0
2021-02-09,6464,1021,544,8468.0,9210.0,10616.0
2021-02-10,7711,1396,734,6464.0,7768.0,9350.0
2021-02-11,5572,970,536,7711.0,7348.0,9818.0
2021-02-12,6032,1035,517,5572.0,8436.0,8091.0
2021-02-13,5255,897,491,6032.0,6482.0,7782.0
2021-02-14,4967,959,514,5255.0,5677.0,6755.0
2021-02-15,7755,1281,686,4967.0,8468.0,10668.0
2021-02-16,5969,905,485,7755.0,6464.0,9210.0
2021-02-17,5600,942,494,5969.0,7711.0,7768.0
2021-02-18,5966,970,485,5600.0,5572.0,7348.0
2021-02-19,5889,928,473,5966.0,6032.0,8436.0
2021-02-20,6718,1200,621,5889.0,5255.0,6482.0
2021-02-21,4581,761,403,6718.0,4967.0,5677.0
2021-02-22,6754,1018,517,4581.0,7755.0,8468.0
2021-02-23,5577,759,345,6754.0,5969.0,6464.0
2021-02-24,5038,833,416,5577.0,5600.0,7711.0
2021-02-25,5665,911,445,5038.0,5966.0,5572.0
2021-02-26,5819,881,415,5665.0,5889.0,6032.0
2021-02-27,4907,782,401,5819.0,6718.0,5255.0
2021-02-28,5825,1208,570,4907.0,4581.0,4967.0
2021-03-01,8123,1441,726,5825.0,6754.0,7755.0
2021-03-02,5421,837,382,8123.0,5577.0,5969.0
2021-03-03,5183,839,425,5421.0,5038.0,5600.0
2021-03-04,4709,725,355,5183.0,5665.0,5966.0
2021-03-05,5221,874,424,4709.0,5819.0,5889.0
2021-03-06,4269,597,284,5221.0,4907.0,6718.0
2021-03-07,3876,682,317,4269.0,5825.0,4581.0
2021-03-08,5350,810,401,3876.0,8123.0,6754.0
2021-03-09,4525,709,321,5350.0,5421.0,5577.0
2021-03-10,5185,909,435,4525.0,5183.0,5038.0
2021-03-11,3766,601,291,5185.0,4709.0,5665.0
2021-03-12,3999,679,335,3766.0,5221.0,5819.0
2021-03-13,3537,605,279,3999.0,4269.0,4907.0
2021-03-14,3368,633,292,3537.0,3876.0,5825.0
2021-03-15,4643,913,414,3368.0,5350.0,8123.0
2021-03-16,4519,626,276,4643.0,4525.0,5421.0
2021-03-17,4108,636,283,4519.0,5185.0,5183.0
2021-03-18,4202,698,327,4108.0,3766.0,4709.0
2021-03-19,4086,637,286,4202.0,3999.0,5221.0
2021-03-20,4808,810,381,4086.0,3537.0,4269.0
2021-03-21,3171,537,250,4808.0,3368.0,3876.0
2021-03-22,4512,633,307,3171.0,4643.0,5350.0
2021-03-23,3951,577,269,4512.0,4519.0,4525.0
2021-03-24,3586,523,233,3951.0,4108.0,5185.0
2021-03-25,3635,643,284,3586.0,4202.0,3766.0
2021-03-26,3199,543,223,3635.0,4086.0,3999.0
2021-03-27,3042,513,240,3199.0,4808.0,3537.0
2021-03-28,3038,642,299,3042.0,3171.0,3368.0
2021-03-29,3541,622,293,3038.0,4512.0,4643.0
2021-03-30,3203,559,246,3541.0,3951.0,4519.0
2021-03-31,2889,534,221,3203.0,3586.0,4108.0
2021-04-01,3749,776,356,2889.0,3635.0,4202.0
2021-04-02,2888,545,241,3749.0,3199.0,4086.0
2021-04-03,3131,491,224,2888.0,3042.0,4808.0
2021-04-04,3368,529,237,3131.0,3038.0,3171.0
2021-04-05,4552,649,292,3368.0,3541.0,4512.0
2021-04-06,3482,469,207,4552.0,3203.0,3951.0
2021-04-07,3369,501,215,3482.0,2889.0,3586.0
2021-04-08,3234,467,206,3369.0,3749.0,3635.0
2021-04-09,3349,489,194,3234.0,2888.0,3199.0
2021-04-10,3976,628,261,3349.0,3131.0,3042.0
2021-04-11,2790,436,190,3976.0,3368.0,3038.0
2021-04-12,3767,485,215,2790.0,4552.0,3541.0
2021-04-13,3021,406,152,3767.0,3482.0,3203.0
2021-04-14,2913,425,168,3021.0,3369.0,2889.0
2021-04-15,3172,515,228,2913.0,3234.0,3749.0
2021-04-16,2924,403,170,3172.0,3349.0,2888.0
2021-04-17,2570,365,143,2924.0,3976.0,3131.0
2021-04-18,2551,369,159,2570.0,2790.0,3368.0
2021-04-19,3467,453,177,2551.0,3767.0,4552.0
2021-04-20,3545,519,226,3467.0,3021.0,3482.0
2021-04-21,2617,342,134,3545.0,2913.0,3369.0
2021-04-22,2527,322,135,2617.0,3172.0,3234.0
2021-04-23,2558,338,127,2527.0,2924.0,3349.0
2021-04-24,2574,369,147,2558.0,2570.0,3976.0
2021-04-25,2751,358,145,2574.0,2551.0,2790.0
2021-04-26,2913,328,136,2751.0,3467.0,3767.0
2021-04-27,2522,291,129,2913.0,3545.0,3021.0
2021-04-28,2436,345,135,2522.0,2617.0,2913.0
2021-04-29,2076,279,93,2436.0,2527.0,3172.0
2021-04-30,2303,331,123,2076.0,2558.0,2924.0
2021-05-01,2554,382,150,2303.0,2574.0,2570.0
2021-05-02,1920,308,121,2554.0,2751.0,2551.0
2021-05-03,2615,323,115,1920.0,2913.0,3467.0
2021-05-04,2112,259,93,2615.0,2522.0,3545.0
2021-05-05,2439,339,126,2112.0,2436.0,2617.0
2021-05-06,1986,265,105,2439.0,2076.0,2527.0
2021-05-07,2016,286,104,1986.0,2303.0,2558.0
2021-05-08,1861,234,85,2016.0,2554.0,2574.0
2021-05-09,1663,261,102,1861.0,1920.0,2751.0
2021-05-10,2662,393,140,1663.0,2615.0,2913.0
2021-05-11,2157,240,84,2662.0,2112.0,2522.0
2021-05-12,2039,265,94,2157.0,2439.0,2436.0
2021-05-13,1906,254,98,2039.0,1986.0,2076.0
2021-05-14,2066,260,102,1906.0,2016.0,2303.0
2021-05-15,2254,316,117,2066.0,1861.0,2554.0
2021-05-16,1676,232,74,2254.0,1663.0,1920.0
2021-05-17,2552,318,119,1676.0,2662.0,2615.0
2021-05-18,2302,266,75,2552.0,2157.0,2112.0
2021-05-19,1947,254,85,2302.0,2039.0,2439.0
2021-05-20,2433,322,123,1947.0,1906.0,1986.0
2021-05-21,1954,238,95,2433.0,2066.0,2016.0
2021-05-22,1923,219,73,1954.0,2254.0,1861.0
2021-05-23,1871,220,73,1923.0,1676.0,1663.0
2021-05-24,2654,278,95,1871.0,2552.0,2662.0
2021-05-25,2426,268,91,2654.0,2302.0,2157.0
2021-05-26,2207,238,81,2426.0,1947.0,2039.0
2021-05-27,1979,218,74,2207.0,2433.0,1906.0
2021-05-28,2396,282,93,1979.0,1954.0,2066.0
2021-05-29,1932,217,80,2396.0,1923.0,2254.0
2021-05-30,2130,275,98,1932.0,1871.0,1676.0
2021-05-31,2650,275,94,2130.0,2654.0,2552.0
2021-06-01,3299,435,169,2650.0,2426.0,2302.0
2021-06-02,2404,295,104,3299.0,2207.0,1947.0
2021-06-03,2278,294,102,2404.0,1979.0,2433.0
2021-06-04,2527,265,96,2278.0,2396.0,1954.0
2021-06-05,2671,306,106,2527.0,1932.0,1923.0
2021-06-06,2706,309,123,2671.0,2130.0,1871.0
2021-06-07,3286,318,105,2706.0,2650.0,2654.0
2021-06-08,3131,310,111,3286.0,3299.0,2426.0
2021-06-09,2926,320,110,3131.0,2404.0,2207.0
2021-06-10,3185,403,159,2926.0,2278.0,1979.0
2021-06-11,2975,322,117,3185.0,2527.0,2396.0
2021-06-12,2877,269,106,2975.0,2671.0,1932.0
2021-06-13,2842,268,102,2877.0,2706.0,2130.0
2021-06-14,3965,344,123,2842.0,3286.0,2650.0
2021-06-15,3864,394,142,3965.0,3131.0,3299.0
2021-06-16,3540,349,128,3864.0,2926.0,2404.0
2021-06-17,3343,327,132,3540.0,3185.0,2278.0
2021-06-18,4247,405,141,3343.0,2975.0,2527.0
2021-06-19,3899,365,145,4247.0,2877.0,2671.0
2021-06-20,4933,525,203,3899.0,2842.0,2706.0
2021-06-21,4930,411,128,4933.0,3965.0,3286.0
2021-06-22,4663,404,136,4930.0,3864.0,3131.0
2021-06-23,4500,396,147,4663.0,3540.0,2926.0
2021-06-24,4442,411,156,4500.0,3343.0,3185.0
2021-06-25,5165,477,170,4442.0,4247.0,2975.0
2021-06-26,5015,448,164,5165.0,3899.0,2877.0
2021-06-27,5087,469,177,5015.0,4933.0,2842.0
2021-06-28,6499,546,194,5087.0,4930.0,3965.0
2021-06-29,5536,477,168,6499.0,4663.0,3864.0
2021-06-30,6071,631,230,5536.0,4500.0,3540.0
2021-07-01,7644,864,333,6071.0,4442.0,3343.0
2021-07-02,6937,636,251,7644.0,5165.0,4247.0
2021-07-03,7068,600,238,6937.0,5015.0,3899.0
2021-07-04,7207,622,227,7068.0,5087.0,4933.0
2021-07-05,10593,900,327,7207.0,6499.0,4930.0
2021-07-06,9374,710,274,10593.0,5536.0,4663.0
2021-07-07,9717,848,303,9374.0,6071.0,4500.0
2021-07-08,9259,842,327,9717.0,7644.0,4442.0
2021-07-09,10211,863,328,9259.0,6937.0,5165.0
2021-07-10,12559,1178,495,10211.0,7068.0,5015.0
2021-07-11,9867,869,348,12559.0,7207.0,5087.0
2021-07-12,14021,1046,426,9867.0,10593.0,6499.0
2021-07-13,12815,981,407,14021.0,9374.0,5536.0
2021-07-14,11905,1038,427,12815.0,9717.0,6071.0
2021-07-15,13260,1214,515,11905.0,9259.0,7644.0
2021-07-16,13244,1109,439,13260.0,10211.0,6937.0
2021-07-17,13744,1215,513,13244.0,12559.0,7068.0
2021-07-18,13463,1257,518,13744.0,9867.0,7207.0
2021-07-19,19200,1460,615,13463.0,14021.0,10593.0
2021-07-20,18928,1802,748,19200.0,12815.0,9374.0
2021-07-21,15119,1242,521,18928.0,11905.0,9717.0
2021-07-22,15262,1356,573,15119.0,13260.0,9259.0
2021-07-23,16488,1379,592,15262.0,13244.0,10211.0
2021-07-24,16392,1329,566,16488.0,13744.0,12559.0
2021-07-25,17778,1766,754,16392.0,13463.0,9867.0
2021-07-26,21517,1777,735,17778.0,19200.0,14021.0
2021-07-27,19523,1653,712,21517.0,18928.0,12815.0
2021-07-28,17941,1500,661,19523.0,15119.0,11905.0
2021-07-29,16578,1436,659,17941.0,15262.0,13260.0
2021-07-30,17703,1620,745,16578.0,16488.0,13244.0
2021-07-31,16180,1533,649,17703.0,16392.0,13744.0
2021-08-01,21719,2341,1103,16180.0,17778.0,13463.0
2021-08-02,21420,1889,857,21719.0,21517.0,19200.0
2021-08-03,18488,1623,714,21420.0,19523.0,18928.0
2021-08-04,17166,1474,665,18488.0,17941.0,15119.0
2021-08-05,18745,1797,805,17166.0,16578.0,15262.0
2021-08-06,18674,1686,803,18745.0,17703.0,16488.0
2021-08-07,17745,1594,681,18674.0,16180.0,16392.0
2021-08-08,18516,1816,880,17745.0,21719.0,17778.0
2021-08-09,21789,1742,806,18516.0,21420.0,21517.0
2021-08-10,21860,2264,1082,21789.0,18488.0,19523.0
2021-08-11,16915,1539,687,21860.0,17166.0,17941.0
2021-08-12,16358,1633,707,16915.0,18745.0,16578.0
2021-08-13,17039,1615,731,16358.0,18674.0,17703.0
2021-08-14,16590,1554,740,17039.0,17745.0,16180.0
2021-08-15,17429,1924,899,16590.0,18516.0,21719.0
2021-08-16,19802,1772,789,17429.0,21789.0,21420.0
2021-08-17,16027,1562,718,19802.0,21860.0,18488.0
2021-08-18,15490,1630,754,16027.0,16915.0,17166.0
2021-08-19,13923,1436,660,15490.0,16358.0,18745.0
2021-08-20,18132,2187,1038,13923.0,17039.0,18674.0
2021-08-21,13030,1292,612,18132.0,16590.0,17745.0
2021-08-22,12556,1304,642,13030.0,17429.0,18516.0
2021-08-23,15844,1464,678,12556.0,19802.0,21789.0
2021-08-24,12953,1367,624,15844.0,16027.0,21860.0
2021-08-25,13448,1473,665,12953.0,15490.0,16915.0
2021-08-26,11500,1254,577,13448.0,13923.0,16358.0
2021-08-27,12435,1147,496,11500.0,18132.0,17039.0
2021-08-28,12618,1335,610,12435.0,13030.0,16590.0
2021-08-29,11105,1203,545,12618.0,12556.0,17429.0
2021-08-30,13906,1333,599,11105.0,15844.0,19802.0
2021-08-31,11111,1086,507,13906.0,12953.0,16027.0
2021-09-01,13970,1799,811,11111.0,13448.0,15490.0
2021-09-02,10794,1162,500,13970.0,11500.0,13923.0
2021-09-03,10985,1048,480,10794.0,12435.0,18132.0
2021-09-04,10198,1008,488,10985.0,12618.0,13030.0
2021-09-05,10128,1010,476,10198.0,11105.0,12556.0
2021-09-06,11767,1132,538,10128.0,13906.0,15844.0
2021-09-07,9951,979,453,11767.0,11111.0,12953.0
2021-09-08,9244,999,515,9951.0,13970.0,13448.0
2021-09-09,9042,997,496,9244.0,10794.0,11500.0
2021-09-10,10744,1282,599,9042.0,10985.0,12435.0
2021-09-11,7741,823,382,10744.0,10198.0,12618.0
2021-09-12,7406,828,385,7741.0,10128.0,11105.0
2021-09-13,8787,918,431,7406.0,11767.0,13906.0
2021-09-14,7511,821,389,8787.0,9951.0,11111.0
2021-09-15,8597,1013,457,7511.0,9244.0,13970.0
2021-09-16,6411,723,336,8597.0,9042.0,10794.0
2021-09-17,8811,818,389,6411.0,10744.0,10985.0
2021-09-18,8159,794,375,8811.0,7741.0,10198.0
2021-09-19,7796,795,343,8159.0,7406.0,10128.0
2021-09-20,10493,1012,443,7796.0,8787.0,11767.0
2021-09-21,7040,605,264,10493.0,7511.0,9951.0
2021-09-22,6881,664,303,7040.0,8597.0,9244.0
2021-09-23,6218,584,242,6881.0,6411.0,9042.0
2021-09-24,6981,626,283,6218.0,8811.0,10744.0
2021-09-25,6696,668,303,6981.0,8159.0,7741.0
2021-09-26,5614,558,264,6696.0,7796.0,7406.0
2021-09-27,7005,675,311,5614.0,10493.0,8787.0
2021-09-28,5525,572,273,7005.0,7040.0,7511.0
2021-09-29,5097,566,245,5525.0,6881.0,8597.0
2021-09-30,4962,637,314,5097.0,6218.0,6411.0
2021-10-01,6651,796,390,4962.0,6981.0,8811.0
2021-10-02,4849,542,241,6651.0,6696.0,8159.0
2021-10-03,4503,434,202,4849.0,5614.0,7796.0
2021-10-04,5701,560,277,4503.0,7005.0,10493.0
2021-10-05,4825,545,236,5701.0,5525.0,7040.0
2021-10-06,4407,439,203,4825.0,5097.0,6881.0
2021-10-07,4009,462,199,4407.0,4962.0,6218.0
2021-10-08,4430,505,227,4009.0,6651.0,6981.0
2021-10-09,4276,450,200,4430.0,4849.0,6696.0
2021-10-10,4943,565,245,4276.0,4503.0,5614.0
2021-10-11,4741,430,182,4943.0,5701.0,7005.0
2021-10-12,3886,392,157,4741.0,4825.0,5525.0
2021-10-13,3526,440,175,3886.0,4407.0,5097.0
2021-10-14,3374,368,160,3526.0,4009.0,4962.0
2021-10-15,4111,448,184,3374.0,4430.0,6651.0
2021-10-16,3358,370,160,4111.0,4276.0,4849.0
2021-10-17,3352,370,167,3358.0,4943.0,4503.0
2021-10-18,4355,457,201,3352.0,4741.0,5701.0
2021-10-19,3642,353,152,4355.0,3886.0,4825.0
2021-10-20,3911,470,188,3642.0,3526.0,4407.0
2021-10-21,3014,290,116,3911.0,3374.0,4009.0
2021-10-22,3322,337,155,3014.0,4111.0,4430.0
2021-10-23,2961,297,122,3322.0,3358.0,4276.0
2021-10-24,2811,305,123,2961.0,3352.0,4943.0
2021-10-25,4062,389,171,2811.0,4355.0,4741.0
2021-10-26,3049,301,132,4062.0,3642.0,3886.0
2021-10-27,2749,287,130,3049.0,3911.0,3526.0
2021-10-28,2497,332,141,2749.0,3014.0,3374.0
2021-10-29,2756,267,134,2497.0,3322.0,4111.0
2021-10-30,2378,263,124,2756.0,2961.0,3358.0
2021-10-31,2492,273,118,2378.0,2811.0,3352.0
2021-11-01,3726,429,197,2492.0,4062.0,4355.0
2021-11-02,2700,302,135,3726.0,3049.0,3642.0
2021-11-03,2858,285,127,2700.0,2749.0,3911.0
2021-11-04,2508,272,129,2858.0,2497.0,3014.0
2021-11-05,2753,307,128,2508.0,2756.0,3322.0
2021-11-06,2691,283,107,2753.0,2378.0,2961.0
2021-11-07,2631,246,108,2691.0,2492.0,2811.0
2021-11-08,3223,321,139,2631.0,3726.0,4062.0
2021-11-09,2714,275,125,3223.0,2700.0,3049.0
2021-11-10,2850,370,152,2714.0,2858.0,2749.0
2021-11-11,2327,316,131,2850.0,2508.0,2497.0
2021-11-12,2328,272,100,2327.0,2753.0,2756.0
2021-11-13,2232,259,98,2328.0,2691.0,2378.0
2021-11-14,2334,278,124,2232.0,2631.0,2492.0
2021-11-15,3011,362,160,2334.0,3223.0,3726.0
2021-11-16,2648,264,128,3011.0,2714.0,2700.0
2021-11-17,3058,256,112,2648.0,2850.0,2858.0
2021-11-18,2621,283,138,3058.0,2327.0,2508.0
2021-11-19,2833,305,136,2621.0,2328.0,2753.0
2021-11-20,3132,372,164,2833.0,2232.0,2691.0
2021-11-21,2366,267,117,3132.0,2334.0,2631.0
2021-11-22,2911,317,164,2366.0,3011.0,3223.0
2021-11-23,2463,253,120,2911.0,2648.0,2714.0
2021-11-24,2333,235,102,2463.0,3058.0,2850.0
2021-11-25,2659,310,119,2333.0,2621.0,2327.0
2021-11-26,2389,279,108,2659.0,2833.0,2328.0
2021-11-27,2320,227,94,2389.0,3132.0,2232.0
2021-11-28,2844,321,142,2320.0,2366.0,2334.0
2021-11-29,2846,264,119,2844.0,2911.0,3011.0
2021-11-30,2670,318,133,2846.0,2463.0,2648.0
2021-12-01,2903,382,172,2670.0,2333.0,3058.0
2021-12-02,2423,250,108,2903.0,2659.0,2621.0
2021-12-03,2395,254,131,2423.0,2389.0,2833.0
2021-12-04,2334,262,125,2395.0,2320.0,3132.0
2021-12-05,2469,291,125,2334.0,2844.0,2366.0
2021-12-06,2841,272,120,2469.0,2846.0,2911.0
2021-12-07,2363,238,104,2841.0,2670.0,2463.0
2021-12-08,2153,231,99,2363.0,2903.0,2333.0
2021-12-09,1982,210,93,2153.0,2423.0,2659.0
2021-12-10,2675,312,143,1982.0,2395.0,2389.0
2021-12-11,1935,214,104,2675.0,2334.0,2320.0
2021-12-12,2330,265,113,1935.0,2469.0,2844.0
2021-12-13,2742,245,101,2330.0,2841.0,2846.0
2021-12-14,2346,241,103,2742.0,2363.0,2670.0
2021-12-15,2386,277,123,2346.0,2153.0,2903.0
2021-12-16,2156,211,98,2386.0,1982.0,2423.0
2021-12-17,2411,238,100,2156.0,2675.0,2395.0
2021-12-18,2636,254,102,2411.0,1935.0,2334.0
2021-12-19,2791,214,97,2636.0,2330.0,2469.0
2021-12-20,4413,350,166,2791.0,2742.0,2841.0
2021-12-21,3479,232,91,4413.0,2346.0,2363.0
2021-12-22,3698,256,104,3479.0,2386.0,2153.0
2021-12-23,4229,269,113,3698.0,2156.0,1982.0
2021-12-24,5432,307,130,4229.0,2411.0,2675.0
2021-12-25,6491,318,114,5432.0,2636.0,1935.0
2021-12-26,8913,344,118,6491.0,2791.0,2330.0
2021-12-27,11720,436,144,8913.0,4413.0,2742.0
2021-12-28,11666,448,176,11720.0,3479.0,2346.0
2021-12-29,10521,352,126,11666.0,3698.0,2386.0
2021-12-30,11361,382,140,10521.0,4229.0,2156.0
2021-12-31,15222,502,180,11361.0,5432.0,2411.0
2022-01-01,27335,788,282,15222.0,6491.0,2636.0
2022-01-02,28053,618,203,27335.0,8913.0,2791.0
2022-01-03,42467,818,253,28053.0,11720.0,4413.0
2022-01-04,37389,755,226,42467.0,11666.0,3479.0
2022-01-05,40612,881,316,37389.0,10521.0,3698.0
2022-01-06,40222,849,259,40612.0,11361.0,4229.0
2022-01-07,47225,1010,317,40222.0,15222.0,5432.0
2022-01-08,49932,915,308,47225.0,27335.0,6491.0
2022-01-09,54638,1088,316,49932.0,28053.0,8913.0
2022-01-10,80705,1732,572,54638.0,42467.0,11720.0
2022-01-11,61831,1243,364,80705.0,37389.0,11666.0
2022-01-12,59844,1315,461,61831.0,40612.0,10521.0
2022-01-13,54733,1352,430,59844.0,40222.0,11361.0
2022-01-14,56536,1463,519,54733.0,47225.0,15222.0
2022-01-15,58565,1688,561,56536.0,49932.0,27335.0
2022-01-16,55596,1433,478,58565.0,54638.0,28053.0
2022-01-17,70285,1804,627,55596.0,80705.0,42467.0
2022-01-18,59012,1743,619,70285.0,61831.0,37389.0
2022-01-19,49736,1640,606,59012.0,59844.0,40612.0
2022-01-20,49639,2077,816,49736.0,54733.0,40222.0
2022-01-21,41132,1449,551,49639.0,56536.0,47225.0
2022-01-22,38586,1522,544,41132.0,58565.0,49932.0
2022-01-23,38667,1517,575,38586.0,55596.0,54638.0
2022-01-24,46422,1635,607,38667.0,70285.0,80705.0
2022-01-25,38486,1684,589,46422.0,59012.0,61831.0
2022-01-26,32062,1390,523,38486.0,49736.0,59844.0
2022-01-27,26927,1313,476,32062.0,49639.0,54733.0
2022-01-28,25984,1278,518,26927.0,41132.0,56536.0
2022-01-29,21652,994,366,25984.0,38586.0,58565.0
2022-01-30,23652,1287,519,21652.0,38667.0,55596.0
2022-01-31,26148,1229,450,23652.0,46422.0,70285.0
2022-02-01,24221,1458,580,26148.0,38486.0,59012.0
2022-02-02,16799,986,395,24221.0,32062.0,49736.0
2022-02-03,14030,834,335,16799.0,26927.0,49639.0
2022-02-04,12458,743,294,14030.0,25984.0,41132.0
2022-02-05,12405,797,349,12458.0,21652.0,38586.0
2022-02-06,11593,671,259,12405.0,23652.0,38667.0
2022-02-07,13495,679,282,11593.0,26148.0,46422.0
2022-02-08,12922,676,235,13495.0,24221.0,38486.0
2022-02-09,10803,585,226,12922.0,16799.0,32062.0
2022-02-10,10676,708,278,10803.0,14030.0,26927.0
2022-02-11,8627,448,176,10676.0,12458.0,25984.0
2022-02-12,8299,423,156,8627.0,12405.0,21652.0
2022-02-13,8586,465,160,8299.0,11593.0,23652.0
2022-02-14,9544,468,159,8586.0,13495.0,26148.0
2022-02-15,8403,488,155,9544.0,12922.0,24221.0
2022-02-16,6901,351,110,8403.0,10803.0,16799.0
2022-02-17,6051,304,105,6901.0,10676.0,14030.0
2022-02-18,5961,297,97,6051.0,8627.0,12458.0
2022-02-19,5420,266,93,5961.0,8299.0,12405.0
2022-02-20,6244,352,120,5420.0,8586.0,11593.0
2022-02-21,5859,278,83,6244.0,9544.0,13495.0
2022-02-22,4723,248,73,5859.0,8403.0,12922.0
2022-02-23,3914,193,55,4723.0,6901.0,10803.0
2022-02-24,3072,184,49,3914.0,6051.0,10676.0
2022-02-25,2960,183,50,3072.0,5961.0,8627.0
2022-02-26,2656,147,54,2960.0,5420.0,8299.0
2022-02-27,2837,169,50,2656.0,6244.0,8586.0
2022-02-28,3942,193,71,2837.0,5859.0,9544.0
2022-03-01,3146,251,67,3942.0,4723.0,8403.0
2022-03-02,2377,138,35,3146.0,3914.0,6901.0
2022-03-03,2375,125,32,2377.0,3072.0,6051.0
2022-03-04,1867,115,35,2375.0,2960.0,5961.0
2022-03-05,1845,134,40,1867.0,2656.0,5420.0
2022-03-06,2000,112,37,1845.0,2837.0,6244.0
2022-03-07,2414,148,38,2000.0,3942.0,5859.0
2022-03-08,1911,124,28,2414.0,3146.0,4723.0
2022-03-09,1654,106,31,1911.0,2377.0,3914.0
2022-03-10,1709,117,31,1654.0,2375.0,3072.0
2022-03-11,1343,94,18,1709.0,1867.0,2960.0
2022-03-12,1267,81,16,1343.0,1845.0,2656.0
2022-03-13,1467,70,14,1267.0,2000.0,2837.0
2022-03-14,1709,94,21,1467.0,2414.0,3942.0
2022-03-15,1481,96,21,1709.0,1911.0,3146.0
2022-03-16,1151,68,22,1481.0,1654.0,2377.0
2022-03-17,959,59,14,1151.0,1709.0,2375.0
2022-03-18,924,72,16,959.0,1343.0,1867.0
2022-03-19,802,66,22,924.0,1267.0,1845.0
2022-03-20,1031,65,8,802.0,1467.0,2000.0
2022-03-21,1132,73,15,1031.0,1709.0,2414.0
2022-03-22,1312,82,17,1132.0,1481.0,1911.0
2022-03-23,979,57,7,1312.0,1151.0,1654.0
2022-03-24,801,44,11,979.0,959.0,1709.0
2022-03-25,886,64,18,801.0,924.0,1343.0
2022-03-26,831,44,8,886.0,802.0,1267.0
2022-03-27,1012,52,7,831.0,1031.0,1467.0
2022-03-28,1323,70,15,1012.0,1132.0,1709.0
2022-03-29,958,49,13,1323.0,1312.0,1481.0
2022-03-30,765,50,8,958.0,979.0,1151.0
2022-03-31,600,44,7,765.0,801.0,959.0
2022-04-01,672,72,15,600.0,886.0,924.0
2022-04-02,563,37,8,672.0,831.0,802.0
2022-04-03,710,47,7,563.0,1012.0,1031.0
2022-04-04,844,50,12,710.0,1323.0,1132.0
2022-04-05,682,41,9,844.0,958.0,1312.0
2022-04-06,592,33,8,682.0,765.0,979.0
2022-04-07,562,31,5,592.0,600.0,801.0
2022-04-08,524,26,7,562.0,672.0,886.0
2022-04-09,499,24,4,524.0,563.0,831.0
2022-04-10,559,39,8,499.0,710.0,1012.0
2022-04-11,565,25,6,559.0,844.0,1323.0
2022-04-12,410,33,8,565.0,682.0,958.0
2022-04-13,360,33,6,410.0,592.0,765.0
2022-04-14,352,29,3,360.0,562.0,600.0
2022-04-15,399,29,3,352.0,524.0,672.0
2022-04-16,505,43,11,399.0,499.0,563.0
2022-04-17,548,30,9,505.0,559.0,710.0
2022-04-18,774,34,8,548.0,565.0,844.0
2022-04-19,568,20,4,774.0,410.0,682.0
2022-04-20,559,38,6,568.0,360.0,592.0
2022-04-21,499,21,3,559.0,352.0,562.0
2022-04-22,488,30,6,499.0,399.0,524.0
2022-04-23,536,18,0,488.0,505.0,499.0
2022-04-24,684,24,4,536.0,548.0,559.0
2022-04-25,695,33,10,684.0,774.0,565.0
2022-04-26,586,30,3,695.0,568.0,410.0
2022-04-27,492,29,7,586.0,559.0,360.0
2022-04-28,490,26,8,492.0,499.0,352.0
2022-04-29,448,20,3,490.0,488.0,399.0
2022-04-30,533,20,2,448.0,536.0,505.0
2022-05-01,722,29,5,533.0,684.0,548.0
2022-05-02,732,24,7,722.0,695.0,774.0
2022-05-03,686,32,5,732.0,586.0,568.0
2022-05-04,620,23,4,686.0,492.0,559.0
2022-05-05,589,26,6,620.0,490.0,499.0
2022-05-06,616,20,0,589.0,448.0,488.0
2022-05-07,630,14,2,616.0,533.0,536.0
2022-05-08,736,32,7,630.0,722.0,684.0
2022-05-09,927,23,1,736.0,732.0,695.0
2022-05-10,901,28,7,927.0,686.0,586.0
2022-05-11,868,25,1,901.0,620.0,492.0
2022-05-12,843,35,2,868.0,589.0,490.0
2022-05-13,828,21,4,843.0,616.0,448.0
2022-05-14,869,30,4,828.0,630.0,533.0
2022-05-15,1217,38,6,869.0,736.0,722.0
2022-05-16,1373,39,7,1217.0,927.0,732.0
2022-05-17,1368,38,4,1373.0,901.0,686.0
2022-05-18,1259,30,8,1368.0,868.0,620.0
2022-05-19,1198,26,5,1259.0,843.0,589.0
2022-05-20,1527,49,7,1198.0,828.0,616.0
2022-05-21,1512,37,4,1527.0,869.0,630.0
2022-05-22,1657,23,0,1512.0,1217.0,736.0
2022-05-23,2288,42,1,1657.0,1373.0,927.0
2022-05-24,2020,41,2,2288.0,1368.0,901.0
2022-05-25,2134,54,11,2020.0,1259.0,868.0
2022-05-26,1819,31,7,2134.0,1198.0,843.0
2022-05-27,1923,47,10,1819.0,1527.0,828.0
2022-05-28,2139,51,5,1923.0,1512.0,869.0
2022-05-29,2763,41,6,2139.0,1657.0,1217.0
2022-05-30,3710,73,9,2763.0,2288.0,1373.0
2022-05-31,3210,51,11,3710.0,2020.0,1368.0
2022-06-01,3659,92,11,3210.0,2134.0,1259.0
2022-06-02,3030,66,5,3659.0,1819.0,1198.0
2022-06-03,3447,57,9,3030.0,1923.0,1527.0
2022-06-04,3812,74,10,3447.0,2139.0,1512.0
2022-06-05,4909,90,5,3812.0,2763.0,1657.0
2022-06-06,6769,113,14,4909.0,3710.0,2288.0
2022-06-07,5956,84,9,6769.0,3210.0,2020.0
2022-06-08,5457,93,7,5956.0,3659.0,2134.0
2022-06-09,5183,83,11,5457.0,3030.0,1819.0
2022-06-10,6440,134,22,5183.0,3447.0,1923.0
2022-06-11,6106,111,13,6440.0,3812.0,2139.0
2022-06-12,7632,145,23,6106.0,4909.0,2763.0
2022-06-13,10188,151,18,7632.0,6769.0,3710.0
2022-06-14,9485,132,19,10188.0,5956.0,3210.0
2022-06-15,9282,161,18,9485.0,5457.0,3659.0
2022-06-16,8497,148,29,9282.0,5183.0,3030.0
2022-06-17,9598,154,22,8497.0,6440.0,3447.0
2022-06-18,10849,150,21,9598.0,6106.0,3812.0
2022-06-19,13670,189,14,10849.0,7632.0,4909.0
2022-06-20,19669,257,41,13670.0,10188.0,6769.0
2022-06-21,16719,222,37,19669.0,9485.0,5956.0
2022-06-22,16162,227,34,16719.0,9282.0,5457.0
2022-06-23,14735,242,42,16162.0,8497.0,5183.0
2022-06-24,15948,252,34,14735.0,9598.0,6440.0
2022-06-25,18335,291,38,15948.0,10849.0,6106.0
2022-06-26,23122,353,50,18335.0,13670.0,7632.0
2022-06-27,27966,357,47,23122.0,19669.0,10188.0
2022-06-28,25951,373,45,27966.0,16719.0,9485.0
2022-06-29,22638,368,55,25951.0,16162.0,9282.0
2022-06-30,20853,386,61,22638.0,14735.0,8497.0
2022-07-01,24836,530,87,20853.0,15948.0,9598.0
2022-07-02,23541,400,44,24836.0,18335.0,10849.0
2022-07-03,28563,441,49,23541.0,23122.0,13670.0
2022-07-04,36325,592,97,28563.0,27966.0,19669.0
2022-07-05,33369,536,74,36325.0,25951.0,16719.0
2022-07-06,28597,511,67,33369.0,22638.0,16162.0
2022-07-07,26540,530,102,28597.0,20853.0,14735.0
2022-07-08,25062,512,87,26540.0,24836.0,15948.0
2022-07-09,27228,457,71,25062.0,23541.0,18335.0
2022-07-10,35547,631,121,27228.0,28563.0,23122.0
2022-07-11,38965,653,98,35547.0,36325.0,27966.0
2022-07-12,32431,545,111,38965.0,33369.0,25951.0
2022-07-13,28838,513,85,32431.0,28597.0,22638.0
2022-07-14,23634,464,77,28838.0,26540.0,20853.0
2022-07-15,23766,576,117,23634.0,25062.0,24836.0
2022-07-16,22921,547,107,23766.0,27228.0,23541.0
2022-07-17,27142,539,95,22921.0,35547.0,28563.0
2022-07-18,33260,616,101,27142.0,38965.0,36325.0
2022-07-19,27646,515,89,33260.0,32431.0,33369.0
2022-07-20,24246,590,126,27646.0,28838.0,28597.0
2022-07-21,17960,404,81,24246.0,23634.0,26540.0
2022-07-22,17186,422,107,17960.0,23766.0,25062.0
2022-07-23,17145,426,73,17186.0,22921.0,27228.0
2022-07-24,19305,392,83,17145.0,27142.0,35547.0
2022-07-25,22759,525,101,19305.0,33260.0,38965.0
2022-07-26,16665,403,71,22759.0,27646.0,32431.0
2022-07-27,14306,378,77,16665.0,24246.0,28838.0
2022-07-28,11561,343,79,14306.0,17960.0,23634.0
2022-07-29,10582,307,60,11561.0,17186.0,23766.0
2022-07-30,10270,296,65,10582.0,17145.0,22921.0
2022-07-31,12100,315,63,10270.0,19305.0,27142.0
2022-08-01,16323,400,86,12100.0,22759.0,33260.0
2022-08-02,11296,297,71,16323.0,16665.0,27646.0
2022-08-03,9460,232,48,11296.0,14306.0,24246.0
2022-08-04,7782,228,31,9460.0,11561.0,17960.0
2022-08-05,7923,231,44,7782.0,10582.0,17186.0
2022-08-06,7428,202,42,7923.0,10270.0,17145.0
2022-08-07,8296,205,41,7428.0,12100.0,19305.0
2022-08-08,10078,220,44,8296.0,16323.0,22759.0
2022-08-09,7334,176,39,10078.0,11296.0,16665.0
2022-08-10,6492,212,41,7334.0,9460.0,14306.0
2022-08-11,4926,154,38,6492.0,7782.0,11561.0
2022-08-12,4584,178,38,4926.0,7923.0,10582.0
2022-08-13,4507,117,22,4584.0,7428.0,10270.0
2022-08-14,5223,131,28,4507.0,8296.0,12100.0
2022-08-15,6331,144,16,5223.0,10078.0,16323.0
2022-08-16,4710,130,35,6331.0,7334.0,11296.0
2022-08-17,3676,110,19,4710.0,6492.0,9460.0
2022-08-18,3427,127,34,3676.0,4926.0,7782.0
2022-08-19,3214,88,23,3427.0,4584.0,7923.0
2022-08-20,3660,131,32,3214.0,4507.0,7428.0
2022-08-21,3634,86,17,3660.0,5223.0,8296.0
2022-08-22,3989,110,13,3634.0,6331.0,10078.0
2022-08-23,3179,95,19,3989.0,4710.0,7334.0
2022-08-24,2656,80,15,3179.0,3676.0,6492.0
2022-08-25,2297,58,16,2656.0,3427.0,4926.0
2022-08-26,2236,71,18,2297.0,3214.0,4584.0
2022-08-27,2104,50,11,2236.0,3660.0,4507.0
2022-08-28,2738,74,15,2104.0,3634.0,5223.0
2022-08-29,3019,76,16,2738.0,3989.0,6331.0
2022-08-30,2273,58,11,3019.0,3179.0,4710.0
2022-08-31,1679,52,9,2273.0,2656.0,3676.0
2022-09-01,1899,72,10,1679.0,2297.0,3427.0
2022-09-02,1508,48,5,1899.0,2236.0,3214.0
2022-09-03,1721,44,7,1508.0,2104.0,3660.0
2022-09-04,1924,41,5,1721.0,2738.0,3634.0
2022-09-05,2395,67,13,1924.0,3019.0,3989.0
2022-09-06,1660,59,11,2395.0,2273.0,3179.0
2022-09-07,1471,41,11,1660.0,1679.0,2656.0
2022-09-08,1256,47,5,1471.0,1899.0,2297.0
2022-09-09,1260,40,7,1256.0,1508.0,2236.0
2022-09-10,1404,54,7,1260.0,1721.0,2104.0
2022-09-11,1351,45,9,1404.0,1924.0,2738.0
2022-09-12,1427,55,8,1351.0,2395.0,3019.0
2022-09-13,955,39,6,1427.0,1660.0,2273.0
2022-09-14,670,30,7,955.0,1471.0,1679.0
2022-09-15,790,36,4,670.0,1256.0,1899.0
2022-09-16,826,40,5,790.0,1260.0,1508.0
2022-09-17,997,32,8,826.0,1404.0,1721.0
2022-09-18,1357,34,8,997.0,1351.0,1924.0
2022-09-19,1413,46,5,1357.0,1427.0,2395.0
2022-09-20,1161,43,5,1413.0,955.0,1660.0
2022-09-21,831,35,7,1161.0,670.0,1471.0
2022-09-22,729,33,7,831.0,790.0,1256.0
2022-09-23,725,34,7,729.0,826.0,1260.0
2022-09-24,815,37,11,725.0,997.0,1404.0
2022-09-25,855,31,9,815.0,1357.0,1351.0
2022-09-26,967,31,6,855.0,1413.0,1427.0
2022-09-27,670,24,2,967.0,1161.0,955.0
2022-09-28,582,29,4,670.0,831.0,670.0
2022-09-29,473,18,0,582.0,729.0,790.0
2022-09-30,519,23,4,473.0,725.0,826.0
2022-10-01,616,25,6,519.0,815.0,997.0
2022-10-02,673,26,7,616.0,855.0,1357.0
2022-10-03,678,20,3,673.0,967.0,1413.0
2022-10-04,521,20,3,678.0,670.0,1161.0
2022-10-05,466,19,4,521.0,582.0,831.0
2022-10-06,391,24,3,466.0,473.0,729.0
2022-10-07,362,14,3,391.0,519.0,725.0
2022-10-08,349,22,6,362.0,616.0,815.0
2022-10-09,463,12,2,349.0,673.0,855.0
2022-10-10,575,32,7,463.0,678.0,967.0
2022-10-11,418,18,4,575.0,521.0,670.0
2022-10-12,353,15,2,418.0,466.0,582.0
2022-10-13,308,16,1,353.0,391.0,473.0
2022-10-14,311,15,4,308.0,362.0,519.0
2022-10-15,372,16,4,311.0,349.0,616.0
2022-10-16,405,18,4,372.0,463.0,673.0
2022-10-17,474,18,0,405.0,575.0,678.0
2022-10-18,391,19,3,474.0,418.0,521.0
2022-10-19,376,18,3,391.0,353.0,466.0
2022-10-20,344,11,1,376.0,308.0,391.0
2022-10-21,315,16,0,344.0,311.0,362.0
2022-10-22,368,15,5,315.0,372.0,349.0
2022-10-23,407,15,4,368.0,405.0,463.0
2022-10-24,577,25,6,407.0,474.0,575.0
2022-10-25,458,29,4,577.0,391.0,418.0
2022-10-26,349,21,1,458.0,376.0,353.0
2022-10-27,344,15,2,349.0,344.0,308.0
2022-10-28,309,19,2,344.0,315.0,311.0
2022-10-29,294,13,3,309.0,368.0,372.0
2022-10-30,427,23,3,294.0,407.0,405.0
2022-10-31,552,17,2,427.0,577.0,474.0
2022-11-01,501,21,2,552.0,458.0,391.0
2022-11-02,478,26,3,501.0,349.0,376.0
2022-11-03,460,27,7,478.0,344.0,344.0
2022-11-04,470,15,1,460.0,309.0,315.0
2022-11-05,556,26,9,470.0,294.0,368.0
2022-11-06,635,18,3,556.0,427.0,407.0
2022-11-07,862,29,6,635.0,552.0,577.0
2022-11-08,715,31,4,862.0,501.0,458.0
2022-11-09,635,26,2,715.0,478.0,349.0
2022-11-10,561,24,1,635.0,460.0,344.0
2022-11-11,615,35,8,561.0,470.0,309.0
2022-11-12,660,25,3,615.0,556.0,294.0
2022-11-13,817,21,3,660.0,635.0,427.0
2022-11-14,1009,37,3,817.0,862.0,552.0
2022-11-15,974,33,5,1009.0,715.0,501.0
2022-11-16,803,34,1,974.0,635.0,478.0
2022-11-17,702,32,1,803.0,561.0,460.0
2022-11-18,675,58,8,702.0,615.0,470.0
2022-11-19,643,31,6,675.0,660.0,556.0
2022-11-20,1125,44,11,643.0,817.0,635.0
2022-11-21,1371,46,6,1125.0,1009.0,862.0
2022-11-22,1504,56,13,1371.0,974.0,715.0
2022-11-23,1354,45,10,1504.0,803.0,635.0
2022-11-24,1226,51,9,1354.0,702.0,561.0
2022-11-25,1331,72,14,1226.0,675.0,615.0
2022-11-26,1456,50,8,1331.0,643.0,660.0
2022-11-27,1900,55,5,1456.0,1125.0,817.0
2022-11-28,2476,81,20,1900.0,1371.0,1009.0
2022-11-29,2100,61,11,2476.0,1504.0,974.0
2022-11-30,1950,70,10,2100.0,1354.0,803.0
2022-12-01,2043,90,22,1950.0,1226.0,702.0
2022-12-02,1895,69,14,2043.0,1331.0,675.0
2022-12-03,2185,84,18,1895.0,1456.0,643.0
2022-12-04,2868,78,12,2185.0,1900.0,1125.0
2022-12-05,3939,133,18,2868.0,2476.0,1371.0
2022-12-06,3240,92,13,3939.0,2100.0,1504.0
2022-12-07,2919,104,18,3240.0,1950.0,1354.0
2022-12-08,2537,94,20,2919.0,2043.0,1226.0
2022-12-09,2572,101,12,2537.0,1895.0,1331.0
2022-12-10,3561,155,35,2572.0,2185.0,1456.0
2022-12-11,3778,160,29,3561.0,2868.0,1900.0
2022-12-12,5226,183,38,3778.0,3939.0,2476.0
2022-12-13,4495,138,25,5226.0,3240.0,2100.0
2022-12-14,3965,132,26,4495.0,2919.0,1950.0
2022-12-15,3635,160,30,3965.0,2537.0,2043.0
2022-12-16,3382,140,23,3635.0,2572.0,1895.0
2022-12-17,3896,141,30,3382.0,3561.0,2185.0
2022-12-18,5152,179,29,3896.0,3778.0,2868.0
2022-12-19,6598,200,23,5152.0,5226.0,3939.0
2022-12-20,6151,225,42,6598.0,4495.0,3240.0
2022-12-21,4859,192,32,6151.0,3965.0,2919.0
2022-12-22,3605,179,33,4859.0,3635.0,2537.0
2022-12-23,3204,200,36,3605.0,3382.0,2572.0
2022-12-24,3569,193,35,3204.0,3896.0,3561.0
2022-12-25,4663,215,44,3569.0,5152.0,3778.0
2022-12-26,6349,266,53,4663.0,6598.0,5226.0
2022-12-27,5417,241,52,6349.0,6151.0,4495.0
2022-12-28,4493,226,41,5417.0,4859.0,3965.0
2022-12-29,3341,195,43,4493.0,3605.0,3635.0
2022-12-30,3098,164,36,3341.0,3204.0,3382.0
2022-12-31,3629,191,44,3098.0,3569.0,3896.0
2023-01-01,5610,273,59,3629.0,4663.0,5152.0
2023-01-02,6379,237,51,5610.0,6349.0,6598.0
2023-01-03,5523,208,42,6379.0,5417.0,6151.0
2023-01-04,4350,216,48,5523.0,4493.0,4859.0
2023-01-05,3641,185,46,4350.0,3341.0,3605.0
2023-01-06,3441,169,36,3641.0,3098.0,3204.0
2023-01-07,3989,193,34,3441.0,3629.0,3569.0
2023-01-08,4542,189,48,3989.0,5610.0,4663.0
2023-01-09,5814,222,44,4542.0,6379.0,6349.0
2023-01-10,4758,205,41,5814.0,5523.0,5417.0
2023-01-11,3407,156,30,4758.0,4350.0,4493.0
2023-01-12,3116,152,34,3407.0,3641.0,3341.0
2023-01-13,2902,155,37,3116.0,3441.0,3098.0
2023-01-14,3087,154,30,2902.0,3989.0,3629.0
2023-01-15,4019,175,39,3087.0,4542.0,5610.0
2023-01-16,4697,180,32,4019.0,5814.0,6379.0
2023-01-17,4033,158,31,4697.0,4758.0,5523.0
2023-01-18,3628,133,29,4033.0,3407.0,4350.0
2023-01-19,2979,137,29,3628.0,3116.0,3641.0
2023-01-20,3084,161,44,2979.0,2902.0,3441.0
2023-01-21,2945,124,27,3084.0,3087.0,3989.0
2023-01-22,3718,137,25,2945.0,4019.0,4542.0
2023-01-23,4520,144,25,3718.0,4697.0,5814.0
2023-01-24,3606,145,30,4520.0,4033.0,4758.0
2023-01-25,3306,127,22,3606.0,3628.0,3407.0
2023-01-26,2422,104,16,3306.0,2979.0,3116.0
2023-01-27,2284,119,12,2422.0,3084.0,2902.0
2023-01-28,2730,115,28,2284.0,2945.0,3087.0
2023-01-29,3368,100,23,2730.0,3718.0,4019.0
2023-01-30,3739,112,26,3368.0,4520.0,4697.0
2023-01-31,3100,95,14,3739.0,3606.0,4033.0
2023-02-01,2975,133,24,3100.0,3306.0,3628.0
2023-02-02,2156,94,14,2975.0,2422.0,2979.0
2023-02-03,1734,101,19,2156.0,2284.0,3084.0
2023-02-04,1850,90,18,1734.0,2730.0,2945.0
2023-02-05,2636,116,18,1850.0,3368.0,3718.0
2023-02-06,3596,143,25,2636.0,3739.0,4520.0
2023-02-07,3567,130,23,3596.0,3100.0,3606.0
2023-02-08,3045,101,11,3567.0,2975.0,3306.0
2023-02-09,2487,98,18,3045.0,2156.0,2422.0
2023-02-10,2402,143,23,2487.0,1734.0,2284.0
2023-02-11,2301,80,16,2402.0,1850.0,2730.0
2023-02-12,3053,118,10,2301.0,2636.0,3368.0
2023-02-13,3562,108,21,3053.0,3596.0,3739.0
2023-02-14,3092,99,19,3562.0,3567.0,3100.0
2023-02-15,2905,123,15,3092.0,3045.0,2975.0
2023-02-16,2325,99,19,2905.0,2487.0,2156.0
2023-02-17,2180,91,13,2325.0,2402.0,1734.0
2023-02-18,2623,95,12,2180.0,2301.0,1850.0
2023-02-19,3177,120,12,2623.0,3053.0,2636.0
2023-02-20,4009,138,10,3177.0,3562.0,3596.0
2023-02-21,3287,108,10,4009.0,3092.0,3567.0
2023-02-22,2881,110,13,3287.0,2905.0,3045.0
2023-02-23,2266,74,11,2881.0,2325.0,2487.0
2023-02-24,2042,100,18,2266.0,2180.0,2402.0
2023-02-25,2293,78,11,2042.0,2623.0,2301.0
2023-02-26,3263,106,15,2293.0,3177.0,3053.0
2023-02-27,3416,112,18,3263.0,4009.0,3562.0
2023-02-28,3191,103,11,3416.0,3287.0,3092.0
2023-03-01,3054,136,20,3191.0,2881.0,2905.0
2023-03-02,2161,87,8,3054.0,2266.0,2325.0
2023-03-03,2261,86,14,2161.0,2042.0,2180.0
2023-03-04,2356,79,10,2261.0,2293.0,2623.0
2023-03-05,3318,97,14,2356.0,3263.0,3177.0
2023-03-06,3805,113,9,3318.0,3416.0,4009.0
2023-03-07,3388,105,20,3805.0,3191.0,3287.0
2023-03-08,2949,120,12,3388.0,3054.0,2881.0
2023-03-09,2399,120,15,2949.0,2161.0,2266.0
2023-03-10,2501,117,17,2399.0,2261.0,2042.0
2023-03-11,2410,86,12,2501.0,2356.0,2293.0
2023-03-12,3113,111,13,2410.0,3318.0,3263.0
2023-03-13,3595,117,20,3113.0,3805.0,3416.0
2023-03-14,2892,83,2,3595.0,3388.0,3191.0
2023-03-15,2525,124,23,2892.0,2949.0,3054.0
2023-03-16,1862,80,16,2525.0,2399.0,2161.0
2023-03-17,1330,94,16,1862.0,2501.0,2261.0
2023-03-18,1499,95,18,1330.0,2410.0,2356.0
2023-03-19,2036,80,15,1499.0,3113.0,3318.0
2023-03-20,3222,120,24,2036.0,3595.0,3805.0
2023-03-21,3044,102,16,3222.0,2892.0,3388.0
2023-03-22,2562,86,5,3044.0,2525.0,2949.0
2023-03-23,1935,86,5,2562.0,1862.0,2399.0
2023-03-24,1794,87,21,1935.0,1330.0,2501.0
2023-03-25,1967,83,12,1794.0,1499.0,2410.0
2023-03-26,2452,95,14,1967.0,2036.0,3113.0
2023-03-27,2951,99,15,2452.0,3222.0,3595.0
2023-03-28,2344,82,8,2951.0,3044.0,2892.0
2023-03-29,1959,79,9,2344.0,2562.0,2525.0
2023-03-30,1445,68,12,1959.0,1935.0,1862.0
2023-03-31,1159,55,8,1445.0,1794.0,1330.0
2023-04-01,1486,77,9,1159.0,1967.0,1499.0
2023-04-02,1762,56,5,1486.0,2452.0,2036.0
2023-04-03,1700,78,19,1762.0,2951.0,3222.0
2023-04-04,1202,55,7,1700.0,2344.0,3044.0
2023-04-05,842,59,11,1202.0,1959.0,2562.0
2023-04-06,652,41,6,842.0,1445.0,1935.0
2023-04-07,873,68,10,652.0,1159.0,1794.0
2023-04-08,1137,53,5,873.0,1486.0,1967.0
2023-04-09,1559,69,12,1137.0,1762.0,2452.0
2023-04-10,2013,76,8,1559.0,1700.0,2951.0
2023-04-11,1614,53,9,2013.0,1202.0,2344.0
2023-04-12,1371,48,8,1614.0,842.0,1959.0
2023-04-13,1068,54,10,1371.0,652.0,1445.0
2023-04-14,1021,54,9,1068.0,873.0,1159.0
2023-04-15,1194,58,12,1021.0,1137.0,1486.0
2023-04-16,1566,66,14,1194.0,1559.0,1762.0
2023-04-17,1800,58,8,1566.0,2013.0,1700.0
2023-04-18,1572,60,10,1800.0,1614.0,1202.0
2023-04-19,1311,43,9,1572.0,1371.0,842.0
2023-04-20,1078,57,10,1311.0,1068.0,652.0
2023-04-21,899,45,6,1078.0,1021.0,873.0
2023-04-22,1157,56,7,899.0,1194.0,1137.0
2023-04-23,1506,52,7,1157.0,1566.0,1559.0
2023-04-24,1800,59,9,1506.0,1800.0,2013.0
2023-04-25,1648,43,7,1800.0,1572.0,1614.0
2023-04-26,1274,40,6,1648.0,1311.0,1371.0
2023-04-27,937,34,8,1274.0,1078.0,1068.0
2023-04-28,769,34,3,937.0,899.0,1021.0
2023-04-29,735,40,7,769.0,1157.0,1194.0
2023-04-30,1167,40,5,735.0,1506.0,1566.0
2023-05-01,1677,67,7,1167.0,1800.0,1800.0
2023-05-02,1590,48,9,1677.0,1648.0,1572.0
2023-05-03,1338,45,8,1590.0,1274.0,1311.0
2023-05-04,977,51,10,1338.0,937.0,1078.0
2023-05-05,924,38,7,977.0,769.0,899.0
2023-05-06,959,40,3,924.0,735.0,1157.0
2023-05-07,1227,36,8,959.0,1167.0,1506.0
2023-05-08,1286,53,10,1227.0,1677.0,1800.0
2023-05-09,1020,45,7,1286.0,1590.0,1648.0
2023-05-10,1119,38,7,1020.0,1338.0,1274.0
2023-05-11,900,37,5,1119.0,977.0,937.0
2023-05-12,794,40,6,900.0,924.0,769.0
2023-05-13,869,34,4,794.0,959.0,735.0
2023-05-14,1184,51,8,869.0,1227.0,1167.0
2023-05-15,1391,57,15,1184.0,1286.0,1677.0
2023-05-16,1127,33,3,1391.0,1020.0,1590.0
2023-05-17,1010,45,4,1127.0,1119.0,1338.0
2023-05-18,763,39,6,1010.0,900.0,977.0
2023-05-19,622,32,6,763.0,794.0,924.0
2023-05-20,840,46,6,622.0,869.0,959.0
2023-05-21,991,34,8,840.0,1184.0,1227.0
2023-05-22,1131,53,9,991.0,1391.0,1286.0
2023-05-23,970,45,6,1131.0,1127.0,1020.0
2023-05-24,817,35,5,970.0,1010.0,1119.0
2023-05-25,676,37,3,817.0,763.0,900.0
2023-05-26,550,26,5,676.0,622.0,794.0
2023-05-27,582,28,5,550.0,840.0,869.0
2023-05-28,796,36,7,582.0,991.0,1184.0
2023-05-29,827,31,4,796.0,1131.0,1391.0
2023-05-30,715,34,5,827.0,970.0,1127.0
2023-05-31,447,22,6,715.0,817.0,1010.0
2023-06-01,380,33,4,447.0,676.0,763.0
2023-06-02,293,21,4,380.0,550.0,622.0
2023-06-03,381,27,2,293.0,582.0,840.0
2023-06-04,475,24,2,381.0,796.0,991.0
2023-06-05,611,40,11,475.0,827.0,1131.0
2023-06-06,511,21,4,611.0,715.0,970.0
2023-06-07,402,28,3,511.0,447.0,817.0
2023-06-08,351,18,5,402.0,380.0,676.0
2023-06-09,298,29,5,351.0,293.0,550.0
2023-06-10,367,26,4,298.0,381.0,582.0
2023-06-11,460,27,4,367.0,475.0,796.0
2023-06-12,552,27,3,460.0,611.0,827.0
2023-06-13,477,27,2,552.0,511.0,715.0
2023-06-14,320,20,3,477.0,402.0,447.0
2023-06-15,296,27,7,320.0,351.0,380.0
2023-06-16,248,19,1,296.0,298.0,293.0
2023-06-17,306,25,7,248.0,367.0,381.0
2023-06-18,384,21,2,306.0,460.0,475.0
2023-06-19,522,30,10,384.0,552.0,611.0
2023-06-20,495,37,9,522.0,477.0,511.0
2023-06-21,343,16,1,495.0,320.0,402.0
2023-06-22,299,18,1,343.0,296.0,351.0
2023-06-23,307,24,7,299.0,248.0,298.0
2023-06-24,358,17,1,307.0,306.0,367.0
2023-06-25,503,28,4,358.0,384.0,460.0
2023-06-26,521,26,1,503.0,522.0,552.0
2023-06-27,441,30,3,521.0,495.0,477.0
2023-06-28,371,14,3,441.0,343.0,320.0
2023-06-29,271,18,3,371.0,299.0,296.0
2023-06-30,283,27,5,271.0,307.0,248.0
2023-07-01,386,34,4,283.0,358.0,306.0
2023-07-02,430,24,4,386.0,503.0,384.0
2023-07-03,554,15,2,430.0,521.0,522.0
2023-07-04,480,21,1,554.0,441.0,495.0
2023-07-05,422,30,5,480.0,371.0,343.0
2023-07-06,298,25,5,422.0,271.0,299.0
2023-07-07,345,28,4,298.0,283.0,307.0
2023-07-08,401,28,8,345.0,386.0,358.0
2023-07-09,498,37,5,401.0,430.0,503.0
2023-07-10,632,39,4,498.0,554.0,521.0
2023-07-11,470,31,6,632.0,480.0,441.0
2023-07-12,434,35,4,470.0,422.0,371.0
2023-07-13,325,20,5,434.0,298.0,271.0
2023-07-14,329,25,4,325.0,345.0,283.0
2023-07-15,421,36,1,329.0,401.0,386.0
2023-07-16,492,32,3,421.0,498.0,430.0
2023-07-17,602,32,4,492.0,632.0,554.0
2023-07-18,589,38,6,602.0,470.0,480.0
2023-07-19,470,31,2,589.0,434.0,422.0
2023-07-20,453,38,5,470.0,325.0,298.0
2023-07-21,404,22,2,453.0,329.0,345.0
2023-07-22,469,25,6,404.0,421.0,401.0
2023-07-23,603,35,6,469.0,492.0,498.0
2023-07-24,695,44,8,603.0,602.0,632.0
2023-07-25,640,40,8,695.0,589.0,470.0
2023-07-26,494,24,6,640.0,470.0,434.0
2023-07-27,404,21,1,494.0,453.0,325.0
2023-07-28,434,37,3,404.0,404.0,329.0
2023-07-29,475,20,2,434.0,469.0,421.0
2023-07-30,729,30,5,475.0,603.0,492.0
2023-07-31,874,29,4,729.0,695.0,602.0
2023-08-01,928,53,11,874.0,640.0,589.0
2023-08-02,762,30,4,928.0,494.0,470.0
2023-08-03,642,35,2,762.0,404.0,453.0
2023-08-04,577,33,2,642.0,434.0,404.0
2023-08-05,707,44,5,577.0,475.0,469.0
2023-08-06,1013,40,5,707.0,729.0,603.0
2023-08-07,1152,32,5,1013.0,874.0,695.0
2023-08-08,1126,48,6,1152.0,928.0,640.0
2023-08-09,935,35,6,1126.0,762.0,494.0
2023-08-10,791,50,6,935.0,642.0,404.0
2023-08-11,619,37,7,791.0,577.0,434.0
2023-08-12,724,38,5,619.0,707.0,475.0
2023-08-13,1008,43,8,724.0,1013.0,729.0
2023-08-14,1277,53,4,1008.0,1152.0,874.0
2023-08-15,1122,49,7,1277.0,1126.0,928.0
2023-08-16,922,37,3,1122.0,935.0,762.0
2023-08-17,818,43,4,922.0,791.0,642.0
2023-08-18,758,54,6,818.0,619.0,577.0
2023-08-19,866,47,8,758.0,724.0,707.0
2023-08-20,1281,53,6,866.0,1008.0,1013.0
2023-08-21,1465,60,4,1281.0,1277.0,1152.0
2023-08-22,1271,54,5,1465.0,1122.0,1126.0
2023-08-23,1131,45,4,1271.0,922.0,935.0
2023-08-24,931,64,10,1131.0,818.0,791.0
2023-08-25,845,56,10,931.0,758.0,619.0
2023-08-26,935,42,8,845.0,866.0,724.0
2023-08-27,1320,56,7,935.0,1281.0,1008.0
2023-08-28,1745,60,17,1320.0,1465.0,1277.0
2023-08-29,1450,53,7,1745.0,1271.0,1122.0
2023-08-30,1330,58,10,1450.0,1131.0,922.0
2023-08-31,1011,41,3,1330.0,931.0,818.0
2023-09-01,1149,60,9,1011.0,845.0,758.0
2023-09-02,1071,43,7,1149.0,935.0,866.0
2023-09-03,1479,55,6,1071.0,1320.0,1281.0
2023-09-04,1876,46,7,1479.0,1745.0,1465.0
2023-09-05,1610,48,5,1876.0,1450.0,1271.0
2023-09-06,1383,53,3,1610.0,1330.0,1131.0
2023-09-07,1096,32,6,1383.0,1011.0,931.0
2023-09-08,1007,45,5,1096.0,1149.0,845.0
2023-09-09,1212,46,2,1007.0,1071.0,935.0
2023-09-10,1605,69,13,1212.0,1479.0,1320.0
2023-09-11,1765,52,3,1605.0,1876.0,1745.0
2023-09-12,1297,57,10,1765.0,1610.0,1450.0
2023-09-13,909,48,5,1297.0,1383.0,1330.0
2023-09-14,515,29,3,909.0,1096.0,1011.0
2023-09-15,454,40,5,515.0,1007.0,1149.0
2023-09-16,539,29,4,454.0,1212.0,1071.0
2023-09-17,848,31,2,539.0,1605.0,1479.0
2023-09-18,1075,43,8,848.0,1765.0,1876.0
2023-09-19,895,31,6,1075.0,1297.0,1610.0
2023-09-20,734,36,7,895.0,909.0,1383.0
2023-09-21,483,26,2,734.0,515.0,1096.0
2023-09-22,391,35,9,483.0,454.0,1007.0
2023-09-23,375,26,4,391.0,539.0,1212.0
2023-09-24,486,31,4,375.0,848.0,1605.0
2023-09-25,605,35,6,486.0,1075.0,1765.0
2023-09-26,465,29,4,605.0,895.0,1297.0
2023-09-27,300,21,4,465.0,734.0,909.0
2023-09-28,137,19,7,300.0,483.0,515.0
2023-09-29,70,12,2,137.0,391.0,454.0
2023-09-30,32,11,3,70.0,375.0,539.0
2023-10-01,58,25,11,32.0,486.0,848.0
2023-10-02,46,19,9,58.0,605.0,1075.0
2023-10-03,41,15,1,46.0,465.0,895.0
2023-10-04,32,14,3,41.0,300.0,734.0
2023-10-05,30,12,3,32.0,137.0,483.0
2023-10-06,27,11,1,30.0,70.0,391.0
2023-10-07,30,11,2,27.0,32.0,375.0
2023-10-08,34,14,2,30.0,58.0,486.0
2023-10-09,26,12,4,34.0,46.0,605.0
2023-10-10,37,16,2,26.0,41.0,465.0
2023-10-11,30,10,2,37.0,32.0,300.0
2023-10-12,26,7,0,30.0,30.0,137.0
2023-10-13,22,10,0,26.0,27.0,70.0
2023-10-14,15,5,1,22.0,30.0,32.0
2023-10-15,38,14,2,15.0,34.0,58.0
2023-10-16,30,6,1,38.0,26.0,46.0
2023-10-17,23,7,0,30.0,37.0,41.0
2023-10-18,24,10,2,23.0,30.0,32.0
2023-10-19,14,8,2,24.0,26.0,30.0
2023-10-20,22,11,0,14.0,22.0,27.0
2023-10-21,15,8,3,22.0,15.0,30.0
2023-10-22,16,4,0,15.0,38.0,34.0
2023-10-23,21,9,0,16.0,30.0,26.0
2023-10-24,9,2,0,21.0,23.0,37.0
2023-10-25,17,15,3,9.0,24.0,30.0
2023-10-26,14,7,4,17.0,14.0,26.0
2023-10-27,12,7,4,14.0,22.0,22.0
2023-10-28,10,5,1,12.0,15.0,15.0
2023-10-29,18,8,1,10.0,16.0,38.0
2023-10-30,12,6,0,18.0,21.0,30.0
2023-10-31,5,3,0,12.0,9.0,23.0
2023-11-01,9,5,2,5.0,17.0,24.0
2023-11-02,9,8,0,9.0,14.0,14.0
2023-11-03,7,2,1,9.0,12.0,22.0
2023-11-04,13,5,3,7.0,10.0,15.0
2023-11-05,13,7,0,13.0,18.0,16.0
2023-11-06,17,9,2,13.0,12.0,21.0
2023-11-07,19,8,0,17.0,5.0,9.0
2023-11-08,15,5,1,19.0,9.0,17.0
2023-11-09,16,3,1,15.0,9.0,14.0
2023-11-10,7,5,0,16.0,7.0,12.0
2023-11-11,8,2,0,7.0,13.0,10.0
2023-11-12,12,4,0,8.0,13.0,18.0
2023-11-13,14,7,4,12.0,17.0,12.0
2023-11-14,14,6,2,14.0,19.0,5.0
2023-11-15,12,6,3,14.0,15.0,9.0
2023-11-16,3,3,2,12.0,16.0,9.0
2023-11-17,2,0,0,3.0,7.0,7.0
2023-11-18,4,2,0,2.0,8.0,13.0
2023-11-19,11,3,0,4.0,12.0,13.0
2023-11-20,10,5,1,11.0,14.0,17.0
2023-11-21,18,8,1,10.0,14.0,19.0
2023-11-22,17,11,6,18.0,12.0,15.0
2023-11-23,9,2,0,17.0,3.0,16.0
2023-11-24,10,4,1,9.0,2.0,7.0
2023-11-25,13,6,1,10.0,4.0,8.0
2023-11-26,16,7,2,13.0,11.0,12.0
2023-11-27,23,10,2,16.0,10.0,14.0
2023-11-28,13,6,2,23.0,18.0,14.0
2023-11-29,15,11,2,13.0,17.0,12.0
2023-11-30,16,5,1,15.0,9.0,3.0
2023-12-01,11,5,1,16.0,10.0,2.0
2023-12-02,12,6,0,11.0,13.0,4.0
2023-12-03,24,6,0,12.0,16.0,11.0
2023-12-04,21,5,0,24.0,23.0,10.0
2023-12-05,17,9,1,21.0,13.0,18.0
2023-12-06,10,3,1,17.0,15.0,17.0
2023-12-07,9,4,1,10.0,16.0,9.0
2023-12-08,9,5,1,9.0,11.0,10.0
2023-12-09,13,8,0,9.0,12.0,13.0
2023-12-10,27,13,6,13.0,24.0,16.0
2023-12-11,23,7,1,27.0,21.0,23.0
2023-12-12,17,7,2,23.0,17.0,13.0
2023-12-13,18,10,3,17.0,10.0,15.0
2023-12-14,17,10,1,18.0,9.0,16.0
2023-12-15,18,14,1,17.0,9.0,11.0
2023-12-16,13,7,1,18.0,13.0,12.0
2023-12-17,24,8,1,13.0,27.0,24.0
2023-12-18,19,6,1,24.0,23.0,21.0
2023-12-19,21,7,0,19.0,17.0,17.0
2023-12-20,12,6,2,21.0,18.0,10.0
2023-12-21,8,2,1,12.0,17.0,9.0
2023-12-22,11,3,3,8.0,18.0,9.0
2023-12-23,18,7,1,11.0,13.0,13.0
2023-12-24,23,11,1,18.0,24.0,27.0
2023-12-25,25,9,0,23.0,19.0,23.0
2023-12-26,17,6,0,25.0,21.0,17.0
2023-12-27,16,3,0,17.0,12.0,18.0
2023-12-28,13,4,0,16.0,8.0,17.0
2023-12-29,12,8,0,13.0,11.0,18.0
2023-12-30,16,9,3,12.0,18.0,13.0
2023-12-31,25,12,0,16.0,23.0,24.0
2024-01-01,40,14,2,25.0,25.0,19.0
2024-01-02,28,12,2,40.0,17.0,21.0
2024-01-03,37,11,3,28.0,16.0,12.0
2024-01-04,24,13,4,37.0,13.0,8.0
2024-01-05,21,7,3,24.0,12.0,11.0
2024-01-06,31,8,1,21.0,16.0,18.0
2024-01-07,28,7,0,31.0,25.0,23.0
2024-01-08,39,13,2,28.0,40.0,25.0
2024-01-09,56,15,3,39.0,28.0,17.0
2024-01-10,37,17,3,56.0,37.0,16.0
2024-01-11,36,19,4,37.0,24.0,13.0
2024-01-12,47,18,2,36.0,21.0,12.0
2024-01-13,59,19,4,47.0,31.0,16.0
2024-01-14,68,13,1,59.0,28.0,25.0
2024-01-15,101,27,5,68.0,39.0,40.0
2024-01-16,78,27,2,101.0,56.0,28.0
2024-01-17,79,15,2,78.0,37.0,37.0
2024-01-18,61,25,7,79.0,36.0,24.0
2024-01-19,73,23,2,61.0,47.0,21.0
2024-01-20,87,22,5,73.0,59.0,31.0
2024-01-21,84,23,1,87.0,68.0,28.0
2024-01-22,113,30,3,84.0,101.0,39.0
2024-01-23,97,32,7,113.0,78.0,56.0
2024-01-24,94,27,4,97.0,79.0,37.0
2024-01-25,89,33,1,94.0,61.0,36.0
2024-01-26,47,16,4,89.0,73.0,47.0
2024-01-27,100,44,7,47.0,87.0,59.0
2024-01-28,105,25,3,100.0,84.0,68.0
2024-01-29,134,25,6,105.0,113.0,101.0
2024-01-30,122,34,2,134.0,97.0,78.0
2024-01-31,90,28,5,122.0,94.0,79.0
2024-02-01,76,24,1,90.0,89.0,61.0
2024-02-02,51,23,1,76.0,47.0,73.0
2024-02-03,81,23,2,51.0,100.0,87.0
2024-02-04,89,24,2,81.0,105.0,84.0
2024-02-05,125,30,7,89.0,134.0,113.0
2024-02-06,125,37,7,125.0,122.0,97.0
2024-02-07,99,22,5,125.0,90.0,94.0
2024-02-08,86,33,6,99.0,76.0,89.0
2024-02-09,87,27,2,86.0,51.0,47.0
2024-02-10,117,40,6,87.0,81.0,100.0
2024-02-11,123,35,4,117.0,89.0,105.0
2024-02-12,134,40,2,123.0,125.0,134.0
2024-02-13,112,40,3,134.0,125.0,122.0
2024-02-14,77,23,3,112.0,99.0,90.0
2024-02-15,73,19,2,77.0,86.0,76.0
2024-02-16,72,27,3,73.0,87.0,51.0
2024-02-17,79,30,4,72.0,117.0,81.0
2024-02-18,113,44,9,79.0,123.0,89.0
2024-02-19,102,29,4,113.0,134.0,125.0
2024-02-20,111,47,4,102.0,112.0,125.0
2024-02-21,65,20,5,111.0,77.0,99.0
2024-02-22,85,30,5,65.0,73.0,86.0
2024-02-23,55,24,1,85.0,72.0,87.0
2024-02-24,73,18,3,55.0,79.0,117.0
2024-02-25,93,33,7,73.0,113.0,123.0
2024-02-26,88,24,5,93.0,102.0,134.0
2024-02-27,76,28,7,88.0,111.0,112.0
2024-02-28,84,31,6,76.0,65.0,77.0
2024-02-29,63,27,5,84.0,85.0,73.0
2024-03-01,82,42,6,63.0,55.0,72.0
2024-03-02,65,30,9,82.0,73.0,79.0
2024-03-03,87,34,3,65.0,93.0,113.0
2024-03-04,64,28,5,87.0,88.0,102.0
2024-03-05,66,24,5,64.0,76.0,111.0
2024-03-06,47,16,1,66.0,84.0,65.0
2024-03-07,38,21,3,47.0,63.0,85.0
2024-03-08,36,22,2,38.0,82.0,55.0
2024-03-09,49,18,2,36.0,65.0,73.0
2024-03-10,48,19,5,49.0,87.0,93.0
2024-03-11,55,24,5,48.0,64.0,88.0
2024-03-12,47,20,4,55.0,66.0,76.0
2024-03-13,36,15,2,47.0,47.0,84.0
2024-03-14,33,11,2,36.0,38.0,63.0
2024-03-15,28,15,0,33.0,36.0,82.0
2024-03-16,16,8,4,28.0,49.0,65.0
2024-03-17,37,17,4,16.0,48.0,87.0
2024-03-18,33,15,5,37.0,55.0,64.0
2024-03-19,31,15,1,33.0,47.0,66.0
2024-03-20,44,19,7,31.0,36.0,47.0
2024-03-21,20,5,2,44.0,33.0,38.0
2024-03-22,29,17,4,20.0,28.0,36.0
2024-03-23,25,8,2,29.0,16.0,49.0
2024-03-24,22,7,2,25.0,37.0,48.0
2024-03-25,33,12,1,22.0,33.0,55.0
2024-03-26,15,8,2,33.0,31.0,47.0
2024-03-27,14,8,2,15.0,44.0,36.0
2024-03-28,9,3,0,14.0,20.0,33.0
2024-03-29,18,9,1,9.0,29.0,28.0
2024-03-30,33,18,5,18.0,25.0,16.0
2024-03-31,32,14,3,33.0,22.0,37.0
2024-04-01,36,15,3,32.0,33.0,33.0
2024-04-02,36,19,1,36.0,15.0,31.0
2024-04-03,26,13,0,36.0,14.0,44.0
2024-04-04,22,10,2,26.0,9.0,20.0
2024-04-05,35,15,2,22.0,18.0,29.0
2024-04-06,21,9,0,35.0,33.0,25.0
2024-04-07,27,12,2,21.0,32.0,22.0
2024-04-08,19,12,3,27.0,36.0,33.0
2024-04-09,19,8,2,19.0,36.0,15.0
2024-04-10,19,7,0,19.0,26.0,14.0
2024-04-11,20,9,1,19.0,22.0,9.0
2024-04-12,13,9,2,20.0,35.0,18.0
2024-04-13,17,7,2,13.0,21.0,33.0
2024-04-14,16,6,1,17.0,27.0,32.0
2024-04-15,22,12,3,16.0,19.0,36.0
2024-04-16,32,16,1,22.0,19.0,36.0
2024-04-17,13,8,0,32.0,19.0,26.0
2024-04-18,12,5,1,13.0,20.0,22.0
2024-04-19,14,8,1,12.0,13.0,35.0
2024-04-20,31,16,2,14.0,17.0,21.0
2024-04-21,22,8,2,31.0,16.0,27.0
2024-04-22,17,9,2,22.0,22.0,19.0
2024-04-23,18,11,2,17.0,32.0,19.0
2024-04-24,20,8,3,18.0,13.0,19.0
2024-04-25,19,11,1,20.0,12.0,20.0
2024-04-26,13,6,1,19.0,14.0,13.0
2024-04-27,15,4,0,13.0,31.0,17.0
2024-04-28,13,6,1,15.0,22.0,16.0
2024-04-29,18,12,5,13.0,17.0,22.0
2024-04-30,21,9,0,18.0,18.0,32.0
2024-05-01,10,8,2,21.0,20.0,13.0
2024-05-02,13,7,2,10.0,19.0,12.0
2024-05-03,9,6,1,13.0,13.0,14.0
2024-05-04,8,3,0,9.0,15.0,31.0
2024-05-05,21,9,0,8.0,13.0,22.0
2024-05-06,19,7,1,21.0,18.0,17.0
2024-05-07,15,8,2,19.0,21.0,18.0
2024-05-08,10,5,1,15.0,10.0,20.0
2024-05-09,14,9,4,10.0,13.0,19.0
2024-05-10,17,12,3,14.0,9.0,13.0
2024-05-11,12,6,0,17.0,8.0,15.0
2024-05-12,16,8,2,12.0,21.0,13.0
2024-05-13,19,10,2,16.0,19.0,18.0
2024-05-14,23,15,3,19.0,15.0,21.0
2024-05-15,29,11,1,23.0,10.0,10.0
2024-05-16,12,5,2,29.0,14.0,13.0
2024-05-17,22,16,2,12.0,17.0,9.0
2024-05-18,18,7,2,22.0,12.0,8.0
2024-05-19,29,10,4,18.0,16.0,21.0
2024-05-20,26,11,3,29.0,19.0,19.0
2024-05-21,18,9,2,26.0,23.0,15.0
2024-05-22,10,5,1,18.0,29.0,10.0
2024-05-23,10,6,0,10.0,12.0,14.0
2024-05-24,14,7,5,10.0,22.0,17.0
2024-05-25,18,4,0,14.0,18.0,12.0
2024-05-26,19,6,1,18.0,29.0,16.0
2024-05-27,18,8,1,19.0,26.0,19.0
2024-05-28,18,8,2,18.0,18.0,23.0
2024-05-29,16,6,0,18.0,10.0,29.0
2024-05-30,9,6,1,16.0,10.0,12.0
2024-05-31,14,5,1,9.0,14.0,22.0
2024-06-01,29,13,0,14.0,18.0,18.0
2024-06-02,26,9,1,29.0,19.0,29.0
2024-06-03,27,14,2,26.0,18.0,26.0
2024-06-04,23,4,0,27.0,18.0,18.0
2024-06-05,14,3,0,23.0,16.0,10.0
2024-06-06,15,8,2,14.0,9.0,10.0
2024-06-07,18,10,2,15.0,14.0,14.0
2024-06-08,21,8,0,18.0,29.0,18.0
2024-06-09,22,10,0,21.0,26.0,19.0
2024-06-10,43,13,3,22.0,27.0,18.0
2024-06-11,24,14,2,43.0,23.0,18.0
2024-06-12,25,12,1,24.0,14.0,16.0
2024-06-13,20,8,1,25.0,15.0,9.0
2024-06-14,25,11,4,20.0,18.0,14.0
2024-06-15,24,6,0,25.0,21.0,29.0
2024-06-16,32,9,2,24.0,22.0,26.0
2024-06-17,34,12,3,32.0,43.0,27.0
2024-06-18,26,7,2,34.0,24.0,23.0
2024-06-19,26,5,1,26.0,25.0,14.0
2024-06-20,18,9,3,26.0,20.0,15.0
2024-06-21,27,14,4,18.0,25.0,18.0
2024-06-22,32,4,1,27.0,24.0,21.0
2024-06-23,41,11,0,32.0,32.0,22.0
2024-06-24,41,12,3,41.0,34.0,43.0
2024-06-25,44,13,3,41.0,26.0,24.0
2024-06-26,35,11,2,44.0,26.0,25.0
2024-06-27,32,17,0,35.0,18.0,20.0
2024-06-28,28,8,1,32.0,27.0,25.0
2024-06-29,41,14,3,28.0,32.0,24.0
2024-06-30,71,19,5,41.0,41.0,32.0
2024-07-01,63,17,2,71.0,41.0,34.0
2024-07-02,66,29,7,63.0,44.0,26.0
2024-07-03,46,17,4,66.0,35.0,26.0
2024-07-04,42,11,2,46.0,32.0,18.0
2024-07-05,57,16,5,42.0,28.0,27.0
2024-07-06,58,16,2,57.0,41.0,32.0
2024-07-07,69,20,7,58.0,71.0,41.0
2024-07-08,96,22,5,69.0,63.0,41.0
2024-07-09,64,20,2,96.0,66.0,44.0
2024-07-10,87,29,6,64.0,46.0,35.0
2024-07-11,63,16,0,87.0,42.0,32.0
2024-07-12,69,23,7,63.0,57.0,28.0
2024-07-13,92,25,3,69.0,58.0,41.0
2024-07-14,120,32,3,92.0,69.0,71.0
2024-07-15,151,37,5,120.0,96.0,63.0
2024-07-16,157,44,6,151.0,64.0,66.0
2024-07-17,138,31,8,157.0,87.0,46.0
2024-07-18,122,34,6,138.0,63.0,42.0
2024-07-19,116,33,5,122.0,69.0,57.0
2024-07-20,150,50,8,116.0,92.0,58.0
2024-07-21,169,41,7,150.0,120.0,69.0
2024-07-22,142,44,2,169.0,151.0,96.0
2024-07-23,156,50,5,142.0,157.0,64.0
2024-07-24,121,42,4,156.0,138.0,87.0
2024-07-25,102,37,6,121.0,122.0,63.0
2024-07-26,93,46,7,102.0,116.0,69.0
2024-07-27,119,31,7,93.0,150.0,92.0
2024-07-28,138,44,3,119.0,169.0,120.0
2024-07-29,151,50,6,138.0,142.0,151.0
2024-07-30,90,37,10,151.0,156.0,157.0
2024-07-31,99,39,5,90.0,121.0,138.0
2024-08-01,63,31,3,99.0,102.0,122.0
2024-08-02,64,24,5,63.0,93.0,116.0
2024-08-03,79,21,2,64.0,119.0,150.0
2024-08-04,107,41,13,79.0,138.0,169.0
2024-08-05,128,42,6,107.0,151.0,142.0
2024-08-06,89,34,9,128.0,90.0,156.0
2024-08-07,81,36,5,89.0,99.0,121.0
2024-08-08,60,25,2,81.0,63.0,102.0
2024-08-09,59,24,7,60.0,64.0,93.0
2024-08-10,108,41,8,59.0,79.0,119.0
2024-08-11,89,39,6,108.0,107.0,138.0
2024-08-12,78,26,4,89.0,128.0,151.0
2024-08-13,88,37,10,78.0,89.0,90.0
2024-08-14,76,30,3,88.0,81.0,99.0
2024-08-15,50,25,6,76.0,60.0,63.0
2024-08-16,45,21,5,50.0,59.0,64.0
2024-08-17,44,17,1,45.0,108.0,79.0
2024-08-18,60,22,1,44.0,89.0,107.0
2024-08-19,76,39,5,60.0,78.0,128.0
2024-08-20,44,23,7,76.0,88.0,89.0
2024-08-21,47,21,0,44.0,76.0,81.0
2024-08-22,38,20,1,47.0,50.0,60.0
2024-08-23,34,11,2,38.0,45.0,59.0
2024-08-24,31,11,2,34.0,44.0,108.0
2024-08-25,52,22,4,31.0,60.0,89.0
2024-08-26,55,22,3,52.0,76.0,78.0
2024-08-27,45,20,4,55.0,44.0,88.0
2024-08-28,36,15,1,45.0,47.0,76.0
2024-08-29,33,14,1,36.0,38.0,50.0
2024-08-30,35,20,2,33.0,34.0,45.0
2024-08-31,35,15,4,35.0,31.0,44.0
2024-09-01,59,30,5,35.0,52.0,60.0
2024-09-02,48,28,4,59.0,55.0,76.0
2024-09-03,27,14,3,48.0,45.0,44.0
2024-09-04,29,12,1,27.0,36.0,47.0
2024-09-05,22,12,2,29.0,33.0,38.0
2024-09-06,32,18,2,22.0,35.0,34.0
2024-09-07,30,14,0,32.0,35.0,31.0
2024-09-08,27,9,1,30.0,59.0,52.0
2024-09-09,37,17,2,27.0,48.0,55.0
2024-09-10,31,15,1,37.0,27.0,45.0
2024-09-11,24,5,1,31.0,29.0,36.0
2024-09-12,16,5,1,24.0,22.0,33.0
2024-09-13,11,6,1,16.0,32.0,35.0
2024-09-14,12,10,1,11.0,30.0,35.0
2024-09-15,19,12,2,12.0,27.0,59.0
2024-09-16,30,12,1,19.0,37.0,48.0
2024-09-17,24,8,0,30.0,31.0,27.0
2024-09-18,18,13,2,24.0,24.0,29.0
2024-09-19,11,10,1,18.0,16.0,22.0
2024-09-20,24,10,3,11.0,11.0,32.0
2024-09-21,10,8,0,24.0,12.0,30.0
2024-09-22,19,10,4,10.0,19.0,27.0
2024-09-23,21,11,1,19.0,30.0,37.0
2024-09-24,13,7,1,21.0,24.0,31.0
2024-09-25,10,4,1,13.0,18.0,24.0
2024-09-26,12,7,0,10.0,11.0,16.0
2024-09-27,6,5,1,12.0,24.0,11.0
2024-09-28,10,7,3,6.0,10.0,12.0
2024-09-29,13,10,4,10.0,19.0,19.0
2024-09-30,20,9,1,13.0,21.0,30.0
2024-10-01,17,12,4,20.0,13.0,24.0
2024-10-02,11,6,1,17.0,10.0,18.0
2024-10-03,8,3,0,11.0,12.0,11.0
2024-10-04,10,7,2,8.0,6.0,24.0
2024-10-05,10,3,0,10.0,10.0,10.0
2024-10-06,12,5,0,10.0,13.0,19.0
2024-10-07,6,4,0,12.0,20.0,21.0
2024-10-08,9,4,1,6.0,17.0,13.0
2024-10-09,4,2,1,9.0,11.0,10.0
2024-10-10,7,5,0,4.0,8.0,12.0
2024-10-11,6,3,0,7.0,10.0,6.0
2024-10-12,5,4,1,6.0,10.0,10.0
2024-10-13,5,3,2,5.0,12.0,13.0
2024-10-14,5,3,2,5.0,6.0,20.0
2024-10-15,5,2,0,5.0,9.0,17.0
2024-10-16,4,2,1,5.0,4.0,11.0
2024-10-17,4,4,2,4.0,7.0,8.0
2024-10-18,5,2,0,4.0,6.0,10.0
2024-10-19,4,1,0,5.0,5.0,10.0
2024-10-20,8,7,2,4.0,5.0,12.0
2024-10-21,4,3,2,8.0,5.0,6.0
2024-10-22,3,2,0,4.0,5.0,9.0
2024-10-23,4,2,1,3.0,4.0,4.0
2024-10-24,3,3,0,4.0,4.0,7.0
2024-10-25,3,2,1,3.0,5.0,6.0
2024-10-26,2,2,1,3.0,4.0,5.0
2024-10-27,6,4,0,2.0,8.0,5.0
2024-10-28,2,2,0,6.0,4.0,5.0
2024-10-29,5,3,2,2.0,3.0,5.0
2024-10-30,2,1,1,5.0,4.0,4.0
2024-10-31,4,3,0,2.0,3.0,4.0
2024-11-01,7,6,1,4.0,3.0,5.0
2024-11-02,7,6,1,7.0,2.0,4.0
2024-11-03,6,4,0,7.0,6.0,8.0
2024-11-04,12,9,1,6.0,2.0,4.0
2024-11-05,4,3,0,12.0,5.0,3.0
2024-11-06,5,1,1,4.0,2.0,4.0
2024-11-07,2,1,0,5.0,4.0,3.0
2024-11-08,8,7,1,2.0,7.0,3.0
2024-11-09,1,1,0,8.0,7.0,2.0
2024-11-10,2,1,1,1.0,6.0,6.0
2024-11-11,3,2,0,2.0,12.0,2.0
2024-11-12,2,1,0,3.0,4.0,5.0
2024-11-13,3,3,1,2.0,5.0,2.0
2024-11-14,3,2,0,3.0,2.0,4.0
2024-11-15,3,3,1,3.0,8.0,7.0
2024-11-16,2,2,0,3.0,1.0,7.0
2024-11-17,2,2,0,2.0,2.0,6.0
2024-11-18,4,3,0,2.0,3.0,12.0
2024-11-19,2,1,0,4.0,2.0,4.0
2024-11-20,5,1,0,2.0,3.0,5.0
2024-11-21,2,0,0,5.0,3.0,2.0
2024-11-22,1,1,0,2.0,3.0,8.0
2024-11-23,4,0,0,1.0,2.0,1.0
2024-11-24,1,1,0,4.0,2.0,2.0
2024-11-25,3,3,1,1.0,4.0,3.0
2024-11-26,2,1,0,3.0,2.0,2.0
2024-11-27,3,1,0,2.0,5.0,3.0
2024-11-28,3,2,1,3.0,2.0,3.0
2024-11-29,2,1,0,3.0,1.0,3.0
2024-11-30,4,0,0,2.0,4.0,2.0
2024-12-01,9,4,1,4.0,1.0,2.0
2024-12-02,4,1,0,9.0,3.0,4.0
2024-12-03,5,4,1,4.0,2.0,2.0
2024-12-04,5,3,0,5.0,3.0,5.0
2024-12-05,2,0,0,5.0,3.0,2.0
2024-12-06,1,1,0,2.0,2.0,1.0
2024-12-07,1,0,0,1.0,4.0,4.0
2024-12-08,2,1,0,1.0,9.0,1.0
2024-12-09,3,0,0,2.0,4.0,3.0
2024-12-10,5,3,0,3.0,5.0,2.0
2024-12-11,1,1,0,5.0,5.0,3.0
2024-12-12,5,3,1,1.0,2.0,3.0
2024-12-13,2,1,0,5.0,1.0,2.0
2024-12-14,2,1,1,2.0,1.0,4.0
2024-12-15,4,2,0,2.0,2.0,9.0
2024-12-16,2,1,0,4.0,3.0,4.0
2024-12-17,1,1,0,2.0,5.0,5.0
2024-12-18,11,7,0,1.0,1.0,5.0
2024-12-19,5,3,0,11.0,5.0,2.0
2024-12-20,4,2,0,5.0,2.0,1.0
2024-12-21,4,2,1,4.0,2.0,1.0
2024-12-22,3,2,2,4.0,4.0,2.0
2024-12-23,4,3,1,3.0,2.0,3.0
2024-12-24,3,2,0,4.0,1.0,5.0
2024-12-25,1,1,0,3.0,11.0,1.0
2024-12-26,6,3,0,1.0,5.0,5.0
2024-12-27,3,1,0,6.0,4.0,2.0
2024-12-28,7,5,1,3.0,4.0,2.0
2024-12-29,1,0,0,7.0,3.0,4.0
2024-12-30,3,1,0,1.0,4.0,2.0
2024-12-31,4,0,0,3.0,3.0,1.0
2025-01-01,7,5,1,4.0,1.0,11.0
2025-01-02,2,2,2,7.0,6.0,5.0
2025-01-03,7,3,0,2.0,3.0,4.0
2025-01-04,7,5,2,7.0,7.0,4.0
2025-01-05,8,3,1,7.0,1.0,3.0
2025-01-06,9,6,0,8.0,3.0,4.0
2025-01-07,5,3,1,9.0,4.0,3.0
2025-01-08,2,1,0,5.0,7.0,1.0
2025-01-09,5,1,0,2.0,2.0,6.0
2025-01-10,3,2,0,5.0,7.0,3.0
2025-01-11,2,2,0,3.0,7.0,7.0
2025-01-12,12,8,1,2.0,8.0,1.0
2025-01-13,5,3,2,12.0,9.0,3.0
2025-01-14,15,11,1,5.0,5.0,4.0
2025-01-15,10,5,2,15.0,2.0,7.0
2025-01-16,5,1,1,10.0,5.0,2.0
2025-01-17,4,1,0,5.0,3.0,7.0
2025-01-18,8,5,0,4.0,2.0,7.0
2025-01-19,5,4,0,8.0,12.0,8.0
2025-01-20,6,1,0,5.0,5.0,9.0
2025-01-21,3,2,1,6.0,15.0,5.0
2025-01-22,5,1,0,3.0,10.0,2.0
2025-01-23,4,1,0,5.0,5.0,5.0
2025-01-24,4,3,1,4.0,4.0,3.0
2025-01-25,5,4,1,4.0,8.0,2.0
2025-01-26,10,5,3,5.0,5.0,12.0
2025-01-27,9,5,0,10.0,6.0,5.0
2025-01-28,9,5,0,9.0,3.0,15.0
2025-01-29,9,5,1,9.0,5.0,10.0
2025-01-30,4,3,0,9.0,4.0,5.0
2025-01-31,5,2,1,4.0,4.0,4.0
2025-02-01,3,2,0,5.0,5.0,8.0
2025-02-02,7,4,1,3.0,10.0,5.0
2025-02-03,12,6,0,7.0,9.0,6.0
2025-02-04,10,5,2,12.0,9.0,3.0
2025-02-05,9,7,2,10.0,9.0,5.0
2025-02-06,7,5,0,9.0,4.0,4.0
2025-02-07,11,6,1,7.0,5.0,4.0
2025-02-08,14,9,1,11.0,3.0,5.0
2025-02-09,9,6,0,14.0,7.0,10.0
2025-02-10,11,8,0,9.0,12.0,9.0
2025-02-11,16,7,0,11.0,10.0,9.0
2025-02-12,8,3,0,16.0,9.0,9.0
2025-02-13,8,4,0,8.0,7.0,4.0
2025-02-14,5,2,0,8.0,11.0,5.0
2025-02-15,18,8,0,5.0,14.0,3.0
2025-02-16,15,2,0,18.0,9.0,7.0
2025-02-17,16,5,1,15.0,11.0,12.0
2025-02-18,17,8,0,16.0,16.0,10.0
2025-02-19,10,5,0,17.0,8.0,9.0
2025-02-20,17,9,1,10.0,8.0,7.0
2025-02-21,14,8,3,17.0,5.0,11.0
2025-02-22,14,6,2,14.0,18.0,14.0
2025-02-23,20,7,0,14.0,15.0,9.0
2025-02-24,23,7,0,20.0,16.0,11.0
2025-02-25,23,8,2,23.0,17.0,16.0
2025-02-26,15,10,0,23.0,10.0,8.0
2025-02-27,17,5,0,15.0,17.0,8.0
2025-02-28,11,9,1,17.0,14.0,5.0
2025-03-01,21,3,0,11.0,14.0,18.0
2025-03-02,16,5,1,21.0,20.0,15.0
2025-03-03,20,7,0,16.0,23.0,16.0
2025-03-04,22,5,0,20.0,23.0,17.0
2025-03-05,19,4,0,22.0,15.0,10.0
2025-03-06,14,6,2,19.0,17.0,17.0
2025-03-07,17,6,1,14.0,11.0,14.0
2025-03-08,18,8,0,17.0,21.0,14.0
2025-03-09,18,9,0,18.0,16.0,20.0
2025-03-10,26,5,0,18.0,20.0,23.0
2025-03-11,19,4,0,26.0,22.0,23.0
2025-03-12,19,5,0,19.0,19.0,15.0
2025-03-13,14,6,0,19.0,14.0,17.0
2025-03-14,12,6,0,14.0,17.0,11.0
2025-03-15,24,7,2,12.0,18.0,21.0
2025-03-16,22,11,2,24.0,18.0,16.0
2025-03-17,27,9,1,22.0,26.0,20.0
2025-03-18,33,12,1,27.0,19.0,22.0
2025-03-19,32,14,2,33.0,19.0,19.0
2025-03-20,26,12,0,32.0,14.0,14.0
2025-03-21,20,5,0,26.0,12.0,17.0
2025-03-22,31,11,3,20.0,24.0,18.0
2025-03-23,38,13,1,31.0,22.0,18.0
2025-03-24,40,15,2,38.0,27.0,26.0
2025-03-25,44,14,2,40.0,33.0,19.0
2025-03-26,22,10,0,44.0,32.0,19.0
2025-03-27,29,11,4,22.0,26.0,14.0
2025-03-28,34,14,3,29.0,20.0,12.0
2025-03-29,35,9,0,34.0,31.0,24.0
2025-03-30,38,16,3,35.0,38.0,22.0
2025-03-31,59,19,4,38.0,40.0,27.0
2025-04-01,56,21,0,59.0,44.0,33.0
2025-04-02,60,28,1,56.0,22.0,32.0
2025-04-03,41,19,4,60.0,29.0,26.0
2025-04-04,47,21,1,41.0,34.0,20.0
2025-04-05,49,18,1,47.0,35.0,31.0
2025-04-06,71,25,1,49.0,38.0,38.0
2025-04-07,71,28,6,71.0,59.0,40.0
2025-04-08,60,16,2,71.0,56.0,44.0
2025-04-09,61,16,2,60.0,60.0,22.0
2025-04-10,45,17,1,61.0,41.0,29.0
2025-04-11,30,12,1,45.0,47.0,34.0
2025-04-12,55,22,2,30.0,49.0,35.0
2025-04-13,66,29,9,55.0,71.0,38.0
2025-04-14,59,13,2,66.0,71.0,59.0
2025-04-15,40,22,2,59.0,60.0,56.0
2025-04-16,19,10,1,40.0,61.0,60.0
2025-04-17,39,18,4,19.0,45.0,41.0
2025-04-18,48,18,1,39.0,30.0,47.0
2025-04-19,51,19,3,48.0,55.0,49.0
2025-04-20,80,30,1,51.0,66.0,71.0
2025-04-21,68,26,2,80.0,59.0,71.0
2025-04-22,65,32,1,68.0,40.0,60.0
2025-04-23,44,22,1,65.0,19.0,61.0
2025-04-24,41,21,3,44.0,39.0,45.0
2025-04-25,41,17,2,41.0,48.0,30.0
2025-04-26,38,17,1,41.0,51.0,55.0
2025-04-27,68,36,5,38.0,80.0,66.0
2025-04-28,62,25,2,68.0,68.0,59.0
2025-04-29,24,10,2,62.0,65.0,40.0
2025-04-30,41,21,4,24.0,44.0,19.0
2025-05-01,46,22,3,41.0,41.0,39.0
2025-05-02,28,14,3,46.0,41.0,48.0
2025-05-03,30,12,2,28.0,38.0,51.0
2025-05-04,48,28,3,30.0,68.0,80.0
2025-05-05,56,20,3,48.0,62.0,68.0
2025-05-06,58,28,6,56.0,24.0,65.0
2025-05-07,43,18,3,58.0,41.0,44.0
2025-05-08,22,10,2,43.0,46.0,41.0
2025-05-09,24,11,1,22.0,28.0,41.0
2025-05-10,48,18,1,24.0,30.0,38.0
2025-05-11,39,16,5,48.0,48.0,68.0
2025-05-12,51,22,3,39.0,56.0,62.0
2025-05-13,49,25,5,51.0,58.0,24.0
2025-05-14,46,23,5,49.0,43.0,41.0
2025-05-15,39,27,2,46.0,22.0,46.0
2025-05-16,38,15,1,39.0,24.0,28.0
2025-05-17,30,12,2,38.0,48.0,30.0
2025-05-18,65,27,6,30.0,39.0,48.0
2025-05-19,58,21,4,65.0,51.0,56.0
2025-05-20,56,25,0,58.0,49.0,58.0
2025-05-21,46,14,2,56.0,46.0,43.0
2025-05-22,31,17,2,46.0,39.0,22.0
2025-05-23,37,18,2,31.0,38.0,24.0
2025-05-24,37,17,4,37.0,30.0,48.0
2025-05-25,69,26,2,37.0,65.0,39.0
2025-05-26,51,22,2,69.0,58.0,51.0
2025-05-27,49,22,3,51.0,56.0,49.0
2025-05-28,54,20,4,49.0,46.0,46.0
2025-05-29,29,13,0,54.0,31.0,39.0
2025-05-30,34,12,1,29.0,37.0,38.0
2025-05-31,29,18,5,34.0,37.0,30.0
2025-06-01,64,21,1,29.0,69.0,65.0
2025-06-02,42,9,1,64.0,51.0,58.0
2025-06-03,43,22,1,42.0,49.0,56.0
2025-06-04,58,25,2,43.0,54.0,46.0
2025-06-05,35,16,3,58.0,29.0,31.0
2025-06-06,36,20,1,35.0,34.0,37.0
2025-06-07,44,23,2,36.0,29.0,37.0
2025-06-08,46,14,4,44.0,64.0,69.0
2025-06-09,65,25,4,46.0,42.0,51.0
2025-06-10,47,17,0,65.0,43.0,49.0
2025-06-11,33,17,1,47.0,58.0,54.0
2025-06-12,40,17,4,33.0,35.0,29.0
2025-06-13,23,6,0,40.0,36.0,34.0
2025-06-14,38,15,2,23.0,44.0,29.0
2025-06-15,62,19,5,38.0,46.0,64.0
2025-06-16,38,10,1,62.0,65.0,42.0
2025-06-17,38,19,0,38.0,47.0,43.0
2025-06-18,36,12,1,38.0,33.0,58.0
2025-06-19,16,9,1,36.0,40.0,35.0
2025-06-20,21,14,4,16.0,23.0,36.0
2025-06-21,27,9,1,21.0,38.0,44.0
2025-06-22,30,12,0,27.0,62.0,46.0
2025-06-23,46,18,4,30.0,38.0,65.0
2025-06-24,28,12,1,46.0,38.0,47.0
2025-06-25,22,10,1,28.0,36.0,33.0
2025-06-26,21,12,3,22.0,16.0,40.0
2025-06-27,16,7,2,21.0,21.0,23.0
2025-06-28,18,9,3,16.0,27.0,38.0
2025-06-29,25,13,0,18.0,30.0,62.0
2025-06-30,27,18,5,25.0,46.0,38.0
2025-07-01,24,9,1,27.0,28.0,38.0
2025-07-02,13,7,2,24.0,22.0,36.0
2025-07-03,17,10,1,13.0,21.0,16.0
2025-07-04,20,9,0,17.0,16.0,21.0
2025-07-05,21,7,0,20.0,18.0,27.0
2025-07-06,27,9,5,21.0,25.0,30.0
2025-07-07,28,8,1,27.0,27.0,46.0
2025-07-08,22,14,2,28.0,24.0,28.0
2025-07-09,18,11,1,22.0,13.0,22.0
2025-07-10,9,5,1,18.0,17.0,21.0
2025-07-11,17,8,1,9.0,20.0,16.0
2025-07-12,18,5,1,17.0,21.0,18.0
2025-07-13,21,7,1,18.0,27.0,25.0
2025-07-14,25,9,1,21.0,28.0,27.0
2025-07-15,28,19,4,25.0,22.0,24.0
2025-07-16,14,5,1,28.0,18.0,13.0
2025-07-17,7,3,1,14.0,9.0,17.0
2025-07-18,11,5,1,7.0,17.0,20.0
2025-07-19,10,5,1,11.0,18.0,21.0
2025-07-20,20,11,0,10.0,21.0,27.0
2025-07-21,19,9,3,20.0,25.0,28.0
2025-07-22,16,5,0,19.0,28.0,22.0
2025-07-23,9,5,1,16.0,14.0,18.0
2025-07-24,13,8,1,9.0,7.0,9.0
2025-07-25,20,9,0,13.0,11.0,17.0
2025-07-26,19,13,1,20.0,10.0,18.0
2025-07-27,19,10,1,19.0,20.0,21.0
2025-07-28,13,7,1,19.0,19.0,25.0
2025-07-29,13,6,0,13.0,16.0,28.0
2025-07-30,15,7,2,13.0,9.0,14.0
2025-07-31,7,4,0,15.0,13.0,7.0
2025-08-01,12,7,0,7.0,20.0,11.0
2025-08-02,16,9,2,12.0,19.0,10.0
2025-08-03,15,6,2,16.0,19.0,20.0
2025-08-04,16,12,2,15.0,13.0,19.0
2025-08-05,10,6,1,16.0,13.0,16.0
2025-08-06,6,3,0,10.0,15.0,9.0
2025-08-07,11,5,0,6.0,7.0,13.0
2025-08-08,14,11,3,11.0,12.0,20.0
2025-08-09,10,6,1,14.0,16.0,19.0
2025-08-10,33,12,2,10.0,15.0,19.0
2025-08-11,21,9,1,33.0,16.0,13.0
2025-08-12,13,2,0,21.0,10.0,13.0
2025-08-13,10,5,1,13.0,6.0,15.0
2025-08-14,9,8,4,10.0,11.0,7.0
2025-08-15,17,7,1,9.0,14.0,12.0
2025-08-16,14,7,2,17.0,10.0,16.0
2025-08-17,9,4,2,14.0,33.0,15.0
2025-08-18,19,10,0,9.0,21.0,16.0
2025-08-19,14,8,0,19.0,13.0,10.0
2025-08-20,14,9,2,14.0,10.0,6.0
2025-08-21,10,8,0,14.0,9.0,11.0
2025-08-22,13,4,0,10.0,17.0,14.0
2025-08-23,6,3,0,13.0,14.0,10.0
2025-08-24,19,11,1,6.0,9.0,33.0
2025-08-25,17,7,1,19.0,19.0,21.0
2025-08-26,11,7,0,17.0,14.0,13.0
2025-08-27,13,6,1,11.0,14.0,10.0
2025-08-28,16,10,3,13.0,10.0,9.0
2025-08-29,5,3,0,16.0,13.0,17.0
2025-08-30,21,13,0,5.0,6.0,14.0
2025-08-31,7,2,0,21.0,19.0,9.0
2025-09-01,25,10,1,7.0,17.0,19.0
2025-09-02,11,6,3,25.0,11.0,14.0
2025-09-03,13,5,1,11.0,13.0,14.0
2025-09-04,11,9,0,13.0,16.0,10.0
2025-09-05,10,5,0,11.0,5.0,13.0
2025-09-06,14,4,1,10.0,21.0,6.0
2025-09-07,10,2,0,14.0,7.0,19.0
2025-09-08,17,8,0,10.0,25.0,17.0
2025-09-09,17,10,0,17.0,11.0,11.0
2025-09-10,16,5,0,17.0,13.0,13.0
2025-09-11,15,5,1,16.0,11.0,16.0
2025-09-12,10,7,2,15.0,10.0,5.0
2025-09-13,8,6,0,10.0,14.0,21.0
2025-09-14,17,9,0,8.0,10.0,7.0
2025-09-15,24,8,1,17.0,17.0,25.0
2025-09-16,22,15,1,24.0,17.0,11.0
2025-09-17,23,12,3,22.0,16.0,13.0
2025-09-18,19,12,1,23.0,15.0,11.0
2025-09-19,13,6,1,19.0,10.0,10.0
2025-09-20,22,12,1,13.0,8.0,14.0
2025-09-21,11,6,1,22.0,17.0,10.0
2025-09-22,26,14,0,11.0,24.0,17.0
2025-09-23,22,6,0,26.0,22.0,17.0
2025-09-24,19,11,0,22.0,23.0,16.0
2025-09-25,16,7,0,19.0,19.0,15.0
2025-09-26,13,9,0,16.0,13.0,10.0
2025-09-27,16,8,0,13.0,22.0,8.0
2025-09-28,13,7,1,16.0,11.0,17.0
2025-09-29,15,6,0,13.0,26.0,24.0
2025-09-30,22,13,3,15.0,22.0,22.0
2025-10-01,20,7,1,22.0,19.0,23.0
2025-10-02,15,10,1,20.0,16.0,19.0
2025-10-03,7,7,0,15.0,13.0,13.0
2025-10-04,17,9,1,7.0,16.0,22.0
2025-10-05,19,8,0,17.0,13.0,11.0
2025-10-06,20,11,3,19.0,15.0,26.0
2025-10-07,13,7,1,20.0,22.0,22.0
2025-10-08,10,2,1,13.0,20.0,19.0
2025-10-09,5,2,0,10.0,15.0,16.0
2025-10-10,8,4,0,5.0,7.0,13.0
2025-10-11,6,2,0,8.0,17.0,16.0
2025-10-12,8,6,1,6.0,19.0,13.0
2025-10-13,3,1,0,8.0,20.0,15.0
2025-10-14,8,4,1,3.0,13.0,22.0
2025-10-15,13,6,1,8.0,10.0,20.0
2025-10-16,5,5,0,13.0,5.0,15.0
2025-10-17,7,5,1,5.0,8.0,7.0
2025-10-18,7,5,0,7.0,6.0,17.0
2025-10-19,6,4,1,7.0,8.0,19.0
2025-10-20,8,5,0,6.0,3.0,20.0
2025-10-21,8,3,1,8.0,8.0,13.0
2025-10-22,2,0,0,8.0,13.0,10.0
2025-10-23,6,4,0,2.0,5.0,5.0
2025-10-24,3,1,0,6.0,7.0,8.0
2025-10-25,5,5,1,3.0,7.0,6.0
2025-10-26,8,5,0,5.0,6.0,8.0
2025-10-27,3,1,0,8.0,8.0,3.0
2025-10-28,6,4,1,3.0,8.0,8.0
2025-10-29,5,5,1,6.0,2.0,13.0
2025-10-30,6,3,1,5.0,6.0,5.0
2025-10-31,3,3,1,6.0,3.0,7.0
2025-11-01,7,1,0,3.0,5.0,7.0
2025-11-02,10,9,0,7.0,8.0,6.0
2025-11-03,8,5,2,10.0,3.0,8.0
2025-11-04,4,3,0,8.0,6.0,8.0
2025-11-05,8,6,0,4.0,5.0,2.0
2025-11-06,3,2,0,8.0,6.0,6.0
2025-11-07,5,4,1,3.0,3.0,3.0
2025-11-08,6,5,0,5.0,7.0,5.0
2025-11-09,5,4,0,6.0,10.0,8.0
2025-11-10,3,1,0,5.0,8.0,3.0
2025-11-11,4,0,0,3.0,4.0,6.0
2025-11-12,4,2,0,4.0,8.0,5.0
2025-11-13,6,6,0,4.0,3.0,6.0
2025-11-14,3,3,0,6.0,5.0,3.0
2025-11-15,5,2,0,3.0,6.0,7.0
2025-11-16,6,3,1,5.0,5.0,10.0
2025-11-17,5,2,0,6.0,3.0,8.0
2025-11-18,7,4,0,5.0,4.0,4.0
2025-11-19,8,6,1,7.0,4.0,8.0
2025-11-20,4,2,1,8.0,6.0,3.0
2025-11-21,1,1,0,4.0,3.0,5.0
2025-11-22,3,1,0,1.0,5.0,6.0
2025-11-23,5,3,2,3.0,6.0,5.0
2025-11-24,8,3,0,5.0,5.0,3.0
2025-11-25,4,3,0,8.0,7.0,4.0
2025-11-26,2,1,1,4.0,8.0,4.0
2025-11-27,4,3,0,2.0,4.0,6.0
2025-11-28,2,2,1,4.0,1.0,3.0
2025-11-29,2,0,0,2.0,3.0,5.0
2025-11-30,7,5,0,2.0,5.0,6.0
2025-12-01,10,7,0,7.0,8.0,5.0
2025-12-02,2,1,0,10.0,4.0,7.0
2025-12-03,2,1,0,2.0,2.0,8.0
2025-12-04,4,3,0,2.0,4.0,4.0
2025-12-05,2,2,0,4.0,2.0,1.0
2025-12-06,4,1,0,2.0,2.0,3.0
2025-12-07,3,1,0,4.0,7.0,5.0
2025-12-08,4,3,1,3.0,10.0,8.0
2025-12-09,3,2,1,4.0,2.0,4.0
2025-12-10,1,0,0,3.0,2.0,2.0
2025-12-11,2,2,0,1.0,4.0,4.0
2025-12-12,3,3,2,2.0,2.0,2.0
2025-12-13,5,4,1,3.0,4.0,2.0
2025-12-14,5,3,0,5.0,3.0,7.0
2025-12-15,7,5,0,5.0,4.0,10.0
2025-12-16,3,2,0,7.0,3.0,2.0
2025-12-17,3,2,0,3.0,1.0,2.0
2025-12-18,4,2,0,3.0,2.0,4.0
2025-12-19,3,3,0,4.0,3.0,2.0
2025-12-20,5,4,0,3.0,5.0,4.0
2025-12-21,3,2,0,5.0,5.0,3.0
2025-12-22,1,1,0,3.0,7.0,4.0
2025-12-23,3,3,0,1.0,3.0,3.0
2025-12-24,3,2,1,3.0,3.0,1.0
2025-12-25,2,1,1,3.0,4.0,2.0
2025-12-26,5,4,1,2.0,3.0,3.0
2025-12-27,1,0,0,5.0,5.0,5.0
2025-12-28,1,1,0,1.0,3.0,5.0
2025-12-29,6,3,2,1.0,1.0,7.0
2025-12-30,4,2,1,6.0,3.0,3.0
2025-12-31,1,0,0,4.0,3.0,3.0
2026-01-01,3,3,0,1.0,2.0,4.0
2026-01-02,7,5,1,3.0,5.0,3.0
2026-01-03,1,0,0,7.0,1.0,5.0
2026-01-04,4,3,0,1.0,1.0,3.0
2026-01-05,6,4,0,4.0,6.0,1.0
2026-01-06,6,4,0,6.0,4.0,3.0
2026-01-07,6,3,0,6.0,1.0,3.0
2026-01-08,4,2,1,6.0,3.0,2.0
2026-01-09,8,7,2,4.0,7.0,5.0
2026-01-10,3,1,0,8.0,1.0,1.0
2026-01-11,5,4,1,3.0,4.0,1.0
2026-01-12,8,5,0,5.0,6.0,6.0
2026-01-13,7,6,0,8.0,6.0,4.0
2026-01-14,3,2,2,7.0,6.0,1.0
2026-01-15,3,2,0,3.0,4.0,3.0
2026-01-16,7,7,0,3.0,8.0,7.0
2026-01-17,2,1,0,7.0,3.0,1.0
2026-01-18,1,0,0,2.0,5.0,4.0
2026-01-19,4,3,0,1.0,8.0,6.0
2026-01-20,3,1,0,4.0,7.0,6.0
2026-01-21,3,1,1,3.0,3.0,6.0
2026-01-22,2,1,0,3.0,3.0,4.0
2026-01-23,6,6,1,2.0,7.0,8.0
2026-01-24,3,2,1,6.0,2.0,3.0
2026-01-25,6,3,0,3.0,1.0,5.0
2026-01-26,3,3,0,6.0,4.0,8.0
2026-01-27,3,3,0,3.0,3.0,7.0
2026-01-28,4,4,1,3.0,3.0,3.0
2026-01-29,1,1,0,4.0,2.0,3.0
2026-01-30,5,4,1,1.0,6.0,7.0
2026-01-31,1,1,0,5.0,3.0,2.0
2026-02-01,5,4,1,1.0,6.0,1.0
2026-02-02,7,5,0,5.0,3.0,4.0
2026-02-03,1,0,0,7.0,3.0,3.0
2026-02-04,4,4,0,1.0,4.0,3.0
2026-02-05,2,2,0,4.0,1.0,2.0
2026-02-06,4,1,0,2.0,5.0,6.0
2026-02-07,3,1,0,4.0,1.0,3.0
2026-02-08,3,2,0,3.0,5.0,6.0
2026-02-09,8,6,0,3.0,7.0,3.0
2026-02-10,5,4,0,8.0,1.0,3.0
2026-02-11,3,3,0,5.0,4.0,4.0
2026-02-12,4,4,1,3.0,2.0,1.0
2026-02-13,1,1,0,4.0,4.0,5.0
2026-02-14,7,5,0,1.0,3.0,1.0
2026-02-15,5,3,0,7.0,3.0,5.0
2026-02-16,2,0,0,5.0,8.0,7.0
2026-02-17,1,1,0,2.0,5.0,1.0
2026-02-18,1,1,1,1.0,3.0,4.0
2026-02-19,4,2,0,1.0,4.0,2.0
2026-02-20,2,1,0,4.0,1.0,4.0
2026-02-21,2,2,0,2.0,7.0,3.0
2026-02-22,1,1,0,2.0,5.0,3.0
2026-02-24,2,1,0,1.0,2.0,8.0
2026-02-25,1,0,0,2.0,1.0,5.0
2026-02-26,1,1,0,1.0,1.0,3.0
2026-02-28,3,2,0,1.0,4.0,4.0
2026-03-01,7,5,0,3.0,2.0,1.0
2026-03-02,3,3,0,7.0,2.0,7.0
2026-03-04,1,1,0,3.0,1.0,5.0
2026-03-05,3,2,0,1.0,2.0,2.0
2026-03-06,1,1,0,3.0,1.0,1.0
2026-03-07,4,4,1,1.0,1.0,1.0
2026-03-08,2,0,0,4.0,3.0,4.0
2026-03-09,2,2,0,2.0,7.0,2.0
2026-03-10,1,1,0,2.0,3.0,2.0
2026-03-11,1,1,0,1.0,1.0,1.0
2026-03-12,1,1,0,1.0,3.0,2.0
2026-03-13,1,1,0,1.0,1.0,1.0
2026-03-14,3,2,0,1.0,4.0,1.0
2026-03-15,1,0,0,3.0,2.0,3.0
2026-03-16,2,1,0,1.0,2.0,7.0
2026-03-17,2,1,0,2.0,1.0,3.0
2026-03-18,2,2,0,2.0,1.0,1.0
2026-03-19,2,1,0,2.0,1.0,3.0
2026-03-20,1,1,0,2.0,1.0,1.0
2026-03-22,1,1,0,1.0,3.0,4.0
2026-03-23,1,1,0,1.0,1.0,2.0
2026-03-24,1,1,1,1.0,2.0,2.0
2026-03-25,1,1,0,1.0,2.0,1.0
2026-03-26,2,1,0,1.0,2.0,1.0
2026-03-27,1,1,0,2.0,2.0,1.0
2026-03-28,2,0,0,1.0,1.0,1.0
2026-03-29,2,2,0,2.0,1.0,3.0
2026-04-01,2,2,0,2.0,1.0,1.0
2026-04-04,1,1,0,2.0,1.0,2.0
2026-04-05,1,0,0,1.0,1.0,2.0
2026-04-06,1,0,0,1.0,2.0,2.0
2026-04-08,2,2,0,1.0,1.0,2.0
2026-04-09,1,1,1,2.0,2.0,1.0
2026-04-10,1,1,0,1.0,2.0,1.0
2026-04-11,1,1,0,1.0,2.0,1.0
2026-04-12,2,1,0,1.0,1.0,1.0
2026-04-13,2,0,0,2.0,1.0,1.0
2026-04-14,2,1,0,2.0,1.0,2.0
2026-04-15,3,2,0,2.0,2.0,1.0
2026-04-16,1,1,0,3.0,1.0,2.0
2026-04-19,1,0,0,1.0,1.0,2.0
2026-04-20,2,1,0,1.0,1.0,2.0
2026-04-21,1,0,0,2.0,2.0,1.0
2026-04-22,1,1,0,1.0,2.0,1.0
2026-04-25,2,2,0,1.0,2.0,1.0
2026-04-27,2,2,0,2.0,3.0,2.0
2026-04-28,3,3,0,2.0,1.0,1.0
2026-04-29,1,1,0,3.0,1.0,1.0
2026-04-30,2,1,0,1.0,2.0,1.0
2026-05-03,3,3,1,2.0,1.0,2.0
2026-05-05,1,1,1,3.0,1.0,2.0
2026-05-06,1,1,0,1.0,2.0,2.0
2026-05-07,1,0,0,1.0,2.0,3.0
2026-05-08,2,0,0,1.0,3.0,1.0
2026-05-09,1,1,0,2.0,1.0,1.0
2026-05-10,1,0,0,1.0,2.0,2.0
2026-05-11,1,1,0,1.0,3.0,1.0
2026-05-12,4,2,0,1.0,1.0,1.0
2026-05-14,3,1,0,4.0,1.0,2.0
2026-05-15,1,1,0,3.0,1.0,2.0
2026-05-16,2,1,0,1.0,2.0,3.0
2026-05-17,3,1,0,2.0,1.0,1.0
2026-05-18,1,0,0,3.0,1.0,2.0
2026-05-19,3,3,1,1.0,1.0,3.0
2026-05-20,2,1,0,3.0,4.0,1.0
2026-05-21,1,1,0,2.0,3.0,1.0
2026-05-22,4,2,0,1.0,1.0,1.0
2026-05-23,1,0,0,4.0,2.0,2.0
2026-05-24,4,1,0,1.0,3.0,1.0
2026-05-25,5,2,0,4.0,1.0,1.0
2026-05-26,2,0,0,5.0,3.0,1.0
2026-05-27,4,3,0,2.0,2.0,4.0
2026-05-28,1,1,0,4.0,1.0,3.0
