fecha_sintomas,casos_confirmados,hospitalizaciones,defunciones,dia_semana,mes,anio,t
2020-02-19,1,0,0,2,2,2020,1
2020-02-20,0,0,0,3,2,2020,2
2020-02-21,0,0,0,4,2,2020,3
2020-02-22,2,1,0,5,2,2020,4
2020-02-23,1,0,0,6,2,2020,5
2020-02-24,0,0,0,0,2,2020,6
2020-02-25,1,0,0,1,2,2020,7
2020-02-26,1,1,1,2,2,2020,8
2020-02-27,2,0,0,3,2,2020,9
2020-02-28,3,1,0,4,2,2020,10
2020-02-29,5,1,1,5,2,2020,11
2020-03-01,11,3,1,6,3,2020,12
2020-03-02,19,2,2,0,3,2020,13
2020-03-03,19,5,2,1,3,2020,14
2020-03-04,15,4,3,2,3,2020,15
2020-03-05,12,0,0,3,3,2020,16
2020-03-06,16,4,3,4,3,2020,17
2020-03-07,21,3,0,5,3,2020,18
2020-03-08,29,2,2,6,3,2020,19
2020-03-09,69,11,2,0,3,2020,20
2020-03-10,60,5,1,1,3,2020,21
2020-03-11,64,8,0,2,3,2020,22
2020-03-12,94,35,1,3,3,2020,23
2020-03-13,112,26,7,4,3,2020,24
2020-03-14,106,27,6,5,3,2020,25
2020-03-15,119,29,12,6,3,2020,26
2020-03-16,147,33,16,0,3,2020,27
2020-03-17,148,55,13,1,3,2020,28
2020-03-18,154,51,13,2,3,2020,29
2020-03-19,138,62,17,3,3,2020,30
2020-03-20,227,94,34,4,3,2020,31
2020-03-21,158,70,27,5,3,2020,32
2020-03-22,180,74,28,6,3,2020,33
2020-03-23,263,118,44,0,3,2020,34
2020-03-24,209,79,35,1,3,2020,35
2020-03-25,251,104,45,2,3,2020,36
2020-03-26,298,140,54,3,3,2020,37
2020-03-27,321,128,51,4,3,2020,38
2020-03-28,311,119,58,5,3,2020,39
2020-03-29,303,137,65,6,3,2020,40
2020-03-30,427,192,80,0,3,2020,41
2020-03-31,338,155,76,1,3,2020,42
2020-04-01,543,259,113,2,4,2020,43
2020-04-02,484,242,112,3,4,2020,44
2020-04-03,499,237,120,4,4,2020,45
2020-04-04,493,213,105,5,4,2020,46
2020-04-05,489,206,99,6,4,2020,47
2020-04-06,657,304,142,0,4,2020,48
2020-04-07,567,265,137,1,4,2020,49
2020-04-08,710,363,189,2,4,2020,50
2020-04-09,705,302,159,3,4,2020,51
2020-04-10,1077,520,247,4,4,2020,52
2020-04-11,808,352,170,5,4,2020,53
2020-04-12,872,423,220,6,4,2020,54
2020-04-13,1072,481,263,0,4,2020,55
2020-04-14,1020,462,238,1,4,2020,56
2020-04-15,1191,581,303,2,4,2020,57
2020-04-16,1165,562,293,3,4,2020,58
2020-04-17,1342,603,343,4,4,2020,59
2020-04-18,1410,680,366,5,4,2020,60
2020-04-19,1259,606,318,6,4,2020,61
2020-04-20,2079,948,508,0,4,2020,62
2020-04-21,1372,645,336,1,4,2020,63
2020-04-22,1436,668,358,2,4,2020,64
2020-04-23,1473,698,377,3,4,2020,65
2020-04-24,1751,785,464,4,4,2020,66
2020-04-25,1817,857,448,5,4,2020,67
2020-04-26,1624,737,422,6,4,2020,68
2020-04-27,1985,875,501,0,4,2020,69
2020-04-28,1742,783,422,1,4,2020,70
2020-04-29,1570,679,382,2,4,2020,71
2020-04-30,2145,919,503,3,4,2020,72
2020-05-01,2997,1259,761,4,5,2020,73
2020-05-02,2102,813,458,5,5,2020,74
2020-05-03,1992,799,433,6,5,2020,75
2020-05-04,2517,963,542,0,5,2020,76
2020-05-05,2558,1046,614,1,5,2020,77
2020-05-06,2285,936,521,2,5,2020,78
2020-05-07,2507,948,526,3,5,2020,79
2020-05-08,2915,1149,620,4,5,2020,80
2020-05-09,2598,966,533,5,5,2020,81
2020-05-10,3510,1482,846,6,5,2020,82
2020-05-11,3218,1184,654,0,5,2020,83
2020-05-12,2922,1020,547,1,5,2020,84
2020-05-13,2840,996,543,2,5,2020,85
2020-05-14,2879,1059,566,3,5,2020,86
2020-05-15,4230,1395,732,4,5,2020,87
2020-05-16,3142,1049,545,5,5,2020,88
2020-05-17,3060,1068,576,6,5,2020,89
2020-05-18,4412,1403,746,0,5,2020,90
2020-05-19,3418,1168,614,1,5,2020,91
2020-05-20,4698,1604,827,2,5,2020,92
2020-05-21,3216,1060,552,3,5,2020,93
2020-05-22,4027,1280,661,4,5,2020,94
2020-05-23,3708,1220,626,5,5,2020,95
2020-05-24,3483,1174,627,6,5,2020,96
2020-05-25,5245,1641,841,0,5,2020,97
2020-05-26,3848,1232,633,1,5,2020,98
2020-05-27,3682,1201,621,2,5,2020,99
2020-05-28,4195,1296,683,3,5,2020,100
2020-05-29,4216,1255,622,4,5,2020,101
2020-05-30,4066,1243,612,5,5,2020,102
2020-05-31,3778,1298,687,6,5,2020,103
2020-06-01,6910,2256,1181,0,6,2020,104
2020-06-02,4338,1404,684,1,6,2020,105
2020-06-03,4288,1270,639,2,6,2020,106
2020-06-04,4408,1327,661,3,6,2020,107
2020-06-05,5471,1480,750,4,6,2020,108
2020-06-06,5096,1512,714,5,6,2020,109
2020-06-07,4315,1338,646,6,6,2020,110
2020-06-08,5793,1617,804,0,6,2020,111
2020-06-09,4693,1373,712,1,6,2020,112
2020-06-10,6332,1825,895,2,6,2020,113
2020-06-11,4596,1249,600,3,6,2020,114
2020-06-12,5393,1482,747,4,6,2020,115
2020-06-13,4764,1334,597,5,6,2020,116
2020-06-14,4640,1373,659,6,6,2020,117
2020-06-15,7141,1925,920,0,6,2020,118
2020-06-16,5374,1437,670,1,6,2020,119
2020-06-17,4627,1232,609,2,6,2020,120
2020-06-18,5651,1562,726,3,6,2020,121
2020-06-19,5743,1543,744,4,6,2020,122
2020-06-20,7523,2039,931,5,6,2020,123
2020-06-21,4768,1322,634,6,6,2020,124
2020-06-22,6095,1522,771,0,6,2020,125
2020-06-23,5266,1313,626,1,6,2020,126
2020-06-24,5224,1389,693,2,6,2020,127
2020-06-25,6260,1602,752,3,6,2020,128
2020-06-26,6790,1646,816,4,6,2020,129
2020-06-27,5299,1381,652,5,6,2020,130
2020-06-28,6363,1718,826,6,6,2020,131
2020-06-29,6730,1595,772,0,6,2020,132
2020-06-30,6721,1665,830,1,6,2020,133
2020-07-01,8660,2296,1155,2,7,2020,134
2020-07-02,6342,1733,863,3,7,2020,135
2020-07-03,6773,1648,812,4,7,2020,136
2020-07-04,5896,1514,730,5,7,2020,137
2020-07-05,6509,1537,788,6,7,2020,138
2020-07-06,7206,1676,814,0,7,2020,139
2020-07-07,6589,1641,820,1,7,2020,140
2020-07-08,6018,1505,734,2,7,2020,141
2020-07-09,6171,1448,687,3,7,2020,142
2020-07-10,9517,2133,1060,4,7,2020,143
2020-07-11,6074,1428,705,5,7,2020,144
2020-07-12,6358,1495,744,6,7,2020,145
2020-07-13,7704,1627,795,0,7,2020,146
2020-07-14,6454,1518,731,1,7,2020,147
2020-07-15,8112,1832,881,2,7,2020,148
2020-07-16,6489,1539,737,3,7,2020,149
2020-07-17,7231,1605,793,4,7,2020,150
2020-07-18,7221,1595,762,5,7,2020,151
2020-07-19,6474,1482,741,6,7,2020,152
2020-07-20,9887,2297,1139,0,7,2020,153
2020-07-21,6047,1326,624,1,7,2020,154
2020-07-22,5945,1429,689,2,7,2020,155
2020-07-23,5891,1373,696,3,7,2020,156
2020-07-24,6392,1455,707,4,7,2020,157
2020-07-25,7477,1628,827,5,7,2020,158
2020-07-26,5697,1312,634,6,7,2020,159
2020-07-27,7349,1638,805,0,7,2020,160
2020-07-28,6012,1338,646,1,7,2020,161
2020-07-29,5183,1170,583,2,7,2020,162
2020-07-30,5318,1180,589,3,7,2020,163
2020-07-31,5597,1285,596,4,7,2020,164
2020-08-01,8294,1834,880,5,8,2020,165
2020-08-02,5276,1152,509,6,8,2020,166
2020-08-03,6343,1412,705,0,8,2020,167
2020-08-04,4925,1080,527,1,8,2020,168
2020-08-05,5670,1251,599,2,8,2020,169
2020-08-06,4903,1068,511,3,8,2020,170
2020-08-07,5396,1136,534,4,8,2020,171
2020-08-08,5606,1212,541,5,8,2020,172
2020-08-09,4661,1023,483,6,8,2020,173
2020-08-10,7873,1620,741,0,8,2020,174
2020-08-11,4904,1002,473,1,8,2020,175
2020-08-12,4917,944,424,2,8,2020,176
2020-08-13,4807,1023,484,3,8,2020,177
2020-08-14,5503,1199,555,4,8,2020,178
2020-08-15,5978,1226,554,5,8,2020,179
2020-08-16,4676,1019,436,6,8,2020,180
2020-08-17,5811,1189,533,0,8,2020,181
2020-08-18,5800,1137,513,1,8,2020,182
2020-08-19,4779,1046,462,2,8,2020,183
2020-08-20,7529,1580,708,3,8,2020,184
2020-08-21,5230,986,435,4,8,2020,185
2020-08-22,4924,915,419,5,8,2020,186
2020-08-23,4590,852,401,6,8,2020,187
2020-08-24,5999,1067,497,0,8,2020,188
2020-08-25,5872,1052,477,1,8,2020,189
2020-08-26,4917,899,425,2,8,2020,190
2020-08-27,4976,948,415,3,8,2020,191
2020-08-28,6261,1170,542,4,8,2020,192
2020-08-29,4465,778,330,5,8,2020,193
2020-08-30,4928,895,418,6,8,2020,194
2020-08-31,5719,1018,487,0,8,2020,195
2020-09-01,7223,1431,592,1,9,2020,196
2020-09-02,4892,876,409,2,9,2020,197
2020-09-03,4704,873,380,3,9,2020,198
2020-09-04,4805,890,422,4,9,2020,199
2020-09-05,5186,977,429,5,9,2020,200
2020-09-06,4187,769,371,6,9,2020,201
2020-09-07,5187,935,408,0,9,2020,202
2020-09-08,4627,841,407,1,9,2020,203
2020-09-09,4346,827,360,2,9,2020,204
2020-09-10,5525,1127,498,3,9,2020,205
2020-09-11,4274,777,351,4,9,2020,206
2020-09-12,3657,740,319,5,9,2020,207
2020-09-13,3459,695,305,6,9,2020,208
2020-09-14,4794,909,362,0,9,2020,209
2020-09-15,5063,933,390,1,9,2020,210
2020-09-16,3658,787,379,2,9,2020,211
2020-09-17,4462,773,340,3,9,2020,212
2020-09-18,5043,843,361,4,9,2020,213
2020-09-19,4758,723,315,5,9,2020,214
2020-09-20,5883,1013,448,6,9,2020,215
2020-09-21,5004,841,388,0,9,2020,216
2020-09-22,4195,715,311,1,9,2020,217
2020-09-23,4071,651,323,2,9,2020,218
2020-09-24,4043,698,294,3,9,2020,219
2020-09-25,5238,907,388,4,9,2020,220
2020-09-26,4069,647,276,5,9,2020,221
2020-09-27,4100,758,357,6,9,2020,222
2020-09-28,5198,905,411,0,9,2020,223
2020-09-29,4424,797,356,1,9,2020,224
2020-09-30,4390,842,359,2,9,2020,225
2020-10-01,6243,1285,592,3,10,2020,226
2020-10-02,4773,882,394,4,10,2020,227
2020-10-03,4279,755,345,5,10,2020,228
2020-10-04,4095,722,329,6,10,2020,229
2020-10-05,6036,1050,444,0,10,2020,230
2020-10-06,4689,743,320,1,10,2020,231
2020-10-07,4913,867,418,2,10,2020,232
2020-10-08,4954,857,405,3,10,2020,233
2020-10-09,5275,867,389,4,10,2020,234
2020-10-10,7425,1266,636,5,10,2020,235
2020-10-11,4767,814,368,6,10,2020,236
2020-10-12,6656,1093,530,0,10,2020,237
2020-10-13,5472,914,416,1,10,2020,238
2020-10-14,5159,888,445,2,10,2020,239
2020-10-15,6574,1211,620,3,10,2020,240
2020-10-16,5986,931,434,4,10,2020,241
2020-10-17,5481,909,423,5,10,2020,242
2020-10-18,5967,960,463,6,10,2020,243
2020-10-19,7470,1104,563,0,10,2020,244
2020-10-20,8223,1285,616,1,10,2020,245
2020-10-21,5462,843,418,2,10,2020,246
2020-10-22,5793,939,476,3,10,2020,247
2020-10-23,5912,941,445,4,10,2020,248
2020-10-24,5185,830,415,5,10,2020,249
2020-10-25,6112,1090,576,6,10,2020,250
2020-10-26,6906,1088,519,0,10,2020,251
2020-10-27,5659,915,447,1,10,2020,252
2020-10-28,5813,1003,495,2,10,2020,253
2020-10-29,5020,850,418,3,10,2020,254
2020-10-30,6076,985,495,4,10,2020,255
2020-10-31,4890,890,445,5,10,2020,256
2020-11-01,7855,1537,787,6,11,2020,257
2020-11-02,6687,1262,612,0,11,2020,258
2020-11-03,6430,1016,473,1,11,2020,259
2020-11-04,6014,1016,486,2,11,2020,260
2020-11-05,6526,1087,543,3,11,2020,261
2020-11-06,6592,1026,489,4,11,2020,262
2020-11-07,6129,1058,537,5,11,2020,263
2020-11-08,5869,990,501,6,11,2020,264
2020-11-09,7812,1203,608,0,11,2020,265
2020-11-10,8283,1413,721,1,11,2020,266
2020-11-11,6303,1027,494,2,11,2020,267
2020-11-12,5947,1082,553,3,11,2020,268
2020-11-13,5928,1111,576,4,11,2020,269
2020-11-14,5712,1031,519,5,11,2020,270
2020-11-15,7257,1347,706,6,11,2020,271
2020-11-16,7049,1242,662,0,11,2020,272
2020-11-17,7306,1081,539,1,11,2020,273
2020-11-18,7363,1230,632,2,11,2020,274
2020-11-19,6946,1107,560,3,11,2020,275
2020-11-20,11007,1719,881,4,11,2020,276
2020-11-21,6824,954,501,5,11,2020,277
2020-11-22,7052,1097,599,6,11,2020,278
2020-11-23,9028,1236,661,0,11,2020,279
2020-11-24,7757,1093,613,1,11,2020,280
2020-11-25,8662,1300,679,2,11,2020,281
2020-11-26,7516,1124,583,3,11,2020,282
2020-11-27,8240,1153,616,4,11,2020,283
2020-11-28,8468,1265,610,5,11,2020,284
2020-11-29,7615,1176,626,6,11,2020,285
2020-11-30,11513,1633,848,0,11,2020,286
2020-12-01,12951,2019,1084,1,12,2020,287
2020-12-02,9352,1383,736,2,12,2020,288
2020-12-03,9248,1339,705,3,12,2020,289
2020-12-04,9622,1362,726,4,12,2020,290
2020-12-05,10502,1482,775,5,12,2020,291
2020-12-06,8516,1226,635,6,12,2020,292
2020-12-07,12203,1609,881,0,12,2020,293
2020-12-08,10515,1414,759,1,12,2020,294
2020-12-09,10651,1433,771,2,12,2020,295
2020-12-10,12685,1991,1074,3,12,2020,296
2020-12-11,10890,1427,826,4,12,2020,297
2020-12-12,10881,1580,850,5,12,2020,298
2020-12-13,9335,1417,775,6,12,2020,299
2020-12-14,12676,1743,974,0,12,2020,300
2020-12-15,12107,1944,1066,1,12,2020,301
2020-12-16,10000,1542,877,2,12,2020,302
2020-12-17,9687,1536,840,3,12,2020,303
2020-12-18,11409,1782,1025,4,12,2020,304
2020-12-19,9565,1536,905,5,12,2020,305
2020-12-20,11174,2219,1267,6,12,2020,306
2020-12-21,10386,1675,968,0,12,2020,307
2020-12-22,9447,1498,857,1,12,2020,308
2020-12-23,9195,1581,932,2,12,2020,309
2020-12-24,10590,2042,1211,3,12,2020,310
2020-12-25,10472,1994,1215,4,12,2020,311
2020-12-26,10604,1752,1005,5,12,2020,312
2020-12-27,10705,2023,1209,6,12,2020,313
2020-12-28,13991,2306,1363,0,12,2020,314
2020-12-29,10028,1613,965,1,12,2020,315
2020-12-30,10674,1868,1090,2,12,2020,316
2020-12-31,12641,2269,1302,3,12,2020,317
2021-01-01,17450,3705,2202,4,1,2021,318
2021-01-02,13758,2169,1248,5,1,2021,319
2021-01-03,14202,2335,1370,6,1,2021,320
2021-01-04,18696,2608,1496,0,1,2021,321
2021-01-05,16732,2653,1547,1,1,2021,322
2021-01-06,14627,2442,1394,2,1,2021,323
2021-01-07,14602,2315,1358,3,1,2021,324
2021-01-08,15823,2521,1436,4,1,2021,325
2021-01-09,14583,2141,1225,5,1,2021,326
2021-01-10,17201,3192,1857,6,1,2021,327
2021-01-11,17414,2590,1461,0,1,2021,328
2021-01-12,14778,2442,1370,1,1,2021,329
2021-01-13,14146,2228,1261,2,1,2021,330
2021-01-14,14176,2347,1380,3,1,2021,331
2021-01-15,16637,2976,1671,4,1,2021,332
2021-01-16,13322,2215,1245,5,1,2021,333
2021-01-17,11621,2043,1208,6,1,2021,334
2021-01-18,16985,2747,1528,0,1,2021,335
2021-01-19,13558,2047,1142,1,1,2021,336
2021-01-20,16482,2967,1634,2,1,2021,337
2021-01-21,11859,1939,1106,3,1,2021,338
2021-01-22,12372,1986,1063,4,1,2021,339
2021-01-23,11250,1739,950,5,1,2021,340
2021-01-24,9864,1702,951,6,1,2021,341
2021-01-25,14410,2296,1275,0,1,2021,342
2021-01-26,10616,1621,878,1,1,2021,343
2021-01-27,9350,1563,867,2,1,2021,344
2021-01-28,9818,1752,973,3,1,2021,345
2021-01-29,8091,1490,794,4,1,2021,346
2021-01-30,7782,1314,744,5,1,2021,347
2021-01-31,6755,1541,849,6,1,2021,348
2021-02-01,10668,2361,1316,0,2,2021,349
2021-02-02,9210,1534,808,1,2,2021,350
2021-02-03,7768,1154,602,2,2,2021,351
2021-02-04,7348,1089,589,3,2,2021,352
2021-02-05,8436,1352,706,4,2,2021,353
2021-02-06,6482,993,533,5,2,2021,354
2021-02-07,5677,1104,588,6,2,2021,355
2021-02-08,8468,1268,646,0,2,2021,356
2021-02-09,6464,1021,544,1,2,2021,357
2021-02-10,7711,1396,734,2,2,2021,358
2021-02-11,5572,970,536,3,2,2021,359
2021-02-12,6032,1035,517,4,2,2021,360
2021-02-13,5255,897,491,5,2,2021,361
2021-02-14,4967,959,514,6,2,2021,362
2021-02-15,7755,1281,686,0,2,2021,363
2021-02-16,5969,905,485,1,2,2021,364
2021-02-17,5600,942,494,2,2,2021,365
2021-02-18,5966,970,485,3,2,2021,366
2021-02-19,5889,928,473,4,2,2021,367
2021-02-20,6718,1200,621,5,2,2021,368
2021-02-21,4581,761,403,6,2,2021,369
2021-02-22,6754,1018,517,0,2,2021,370
2021-02-23,5577,759,345,1,2,2021,371
2021-02-24,5038,833,416,2,2,2021,372
2021-02-25,5665,911,445,3,2,2021,373
2021-02-26,5819,881,415,4,2,2021,374
2021-02-27,4907,782,401,5,2,2021,375
2021-02-28,5825,1208,570,6,2,2021,376
2021-03-01,8123,1441,726,0,3,2021,377
2021-03-02,5421,837,382,1,3,2021,378
2021-03-03,5183,839,425,2,3,2021,379
2021-03-04,4709,725,355,3,3,2021,380
2021-03-05,5221,874,424,4,3,2021,381
2021-03-06,4269,597,284,5,3,2021,382
2021-03-07,3876,682,317,6,3,2021,383
2021-03-08,5350,810,401,0,3,2021,384
2021-03-09,4525,709,321,1,3,2021,385
2021-03-10,5185,909,435,2,3,2021,386
2021-03-11,3766,601,291,3,3,2021,387
2021-03-12,3999,679,335,4,3,2021,388
2021-03-13,3537,605,279,5,3,2021,389
2021-03-14,3368,633,292,6,3,2021,390
2021-03-15,4643,913,414,0,3,2021,391
2021-03-16,4519,626,276,1,3,2021,392
2021-03-17,4108,636,283,2,3,2021,393
2021-03-18,4202,698,327,3,3,2021,394
2021-03-19,4086,637,286,4,3,2021,395
2021-03-20,4808,810,381,5,3,2021,396
2021-03-21,3171,537,250,6,3,2021,397
2021-03-22,4512,633,307,0,3,2021,398
2021-03-23,3951,577,269,1,3,2021,399
2021-03-24,3586,523,233,2,3,2021,400
2021-03-25,3635,643,284,3,3,2021,401
2021-03-26,3199,543,223,4,3,2021,402
2021-03-27,3042,513,240,5,3,2021,403
2021-03-28,3038,642,299,6,3,2021,404
2021-03-29,3541,622,293,0,3,2021,405
2021-03-30,3203,559,246,1,3,2021,406
2021-03-31,2889,534,221,2,3,2021,407
2021-04-01,3749,776,356,3,4,2021,408
2021-04-02,2888,545,241,4,4,2021,409
2021-04-03,3131,491,224,5,4,2021,410
2021-04-04,3368,529,237,6,4,2021,411
2021-04-05,4552,649,292,0,4,2021,412
2021-04-06,3482,469,207,1,4,2021,413
2021-04-07,3369,501,215,2,4,2021,414
2021-04-08,3234,467,206,3,4,2021,415
2021-04-09,3349,489,194,4,4,2021,416
2021-04-10,3976,628,261,5,4,2021,417
2021-04-11,2790,436,190,6,4,2021,418
2021-04-12,3767,485,215,0,4,2021,419
2021-04-13,3021,406,152,1,4,2021,420
2021-04-14,2913,425,168,2,4,2021,421
2021-04-15,3172,515,228,3,4,2021,422
2021-04-16,2924,403,170,4,4,2021,423
2021-04-17,2570,365,143,5,4,2021,424
2021-04-18,2551,369,159,6,4,2021,425
2021-04-19,3467,453,177,0,4,2021,426
2021-04-20,3545,519,226,1,4,2021,427
2021-04-21,2617,342,134,2,4,2021,428
2021-04-22,2527,322,135,3,4,2021,429
2021-04-23,2558,338,127,4,4,2021,430
2021-04-24,2574,369,147,5,4,2021,431
2021-04-25,2751,358,145,6,4,2021,432
2021-04-26,2913,328,136,0,4,2021,433
2021-04-27,2522,291,129,1,4,2021,434
2021-04-28,2436,345,135,2,4,2021,435
2021-04-29,2076,279,93,3,4,2021,436
2021-04-30,2303,331,123,4,4,2021,437
2021-05-01,2554,382,150,5,5,2021,438
2021-05-02,1920,308,121,6,5,2021,439
2021-05-03,2615,323,115,0,5,2021,440
2021-05-04,2112,259,93,1,5,2021,441
2021-05-05,2439,339,126,2,5,2021,442
2021-05-06,1986,265,105,3,5,2021,443
2021-05-07,2016,286,104,4,5,2021,444
2021-05-08,1861,234,85,5,5,2021,445
2021-05-09,1663,261,102,6,5,2021,446
2021-05-10,2662,393,140,0,5,2021,447
2021-05-11,2157,240,84,1,5,2021,448
2021-05-12,2039,265,94,2,5,2021,449
2021-05-13,1906,254,98,3,5,2021,450
2021-05-14,2066,260,102,4,5,2021,451
2021-05-15,2254,316,117,5,5,2021,452
2021-05-16,1676,232,74,6,5,2021,453
2021-05-17,2552,318,119,0,5,2021,454
2021-05-18,2302,266,75,1,5,2021,455
2021-05-19,1947,254,85,2,5,2021,456
2021-05-20,2433,322,123,3,5,2021,457
2021-05-21,1954,238,95,4,5,2021,458
2021-05-22,1923,219,73,5,5,2021,459
2021-05-23,1871,220,73,6,5,2021,460
2021-05-24,2654,278,95,0,5,2021,461
2021-05-25,2426,268,91,1,5,2021,462
2021-05-26,2207,238,81,2,5,2021,463
2021-05-27,1979,218,74,3,5,2021,464
2021-05-28,2396,282,93,4,5,2021,465
2021-05-29,1932,217,80,5,5,2021,466
2021-05-30,2130,275,98,6,5,2021,467
2021-05-31,2650,275,94,0,5,2021,468
2021-06-01,3299,435,169,1,6,2021,469
2021-06-02,2404,295,104,2,6,2021,470
2021-06-03,2278,294,102,3,6,2021,471
2021-06-04,2527,265,96,4,6,2021,472
2021-06-05,2671,306,106,5,6,2021,473
2021-06-06,2706,309,123,6,6,2021,474
2021-06-07,3286,318,105,0,6,2021,475
2021-06-08,3131,310,111,1,6,2021,476
2021-06-09,2926,320,110,2,6,2021,477
2021-06-10,3185,403,159,3,6,2021,478
2021-06-11,2975,322,117,4,6,2021,479
2021-06-12,2877,269,106,5,6,2021,480
2021-06-13,2842,268,102,6,6,2021,481
2021-06-14,3965,344,123,0,6,2021,482
2021-06-15,3864,394,142,1,6,2021,483
2021-06-16,3540,349,128,2,6,2021,484
2021-06-17,3343,327,132,3,6,2021,485
2021-06-18,4247,405,141,4,6,2021,486
2021-06-19,3899,365,145,5,6,2021,487
2021-06-20,4933,525,203,6,6,2021,488
2021-06-21,4930,411,128,0,6,2021,489
2021-06-22,4663,404,136,1,6,2021,490
2021-06-23,4500,396,147,2,6,2021,491
2021-06-24,4442,411,156,3,6,2021,492
2021-06-25,5165,477,170,4,6,2021,493
2021-06-26,5015,448,164,5,6,2021,494
2021-06-27,5087,469,177,6,6,2021,495
2021-06-28,6499,546,194,0,6,2021,496
2021-06-29,5536,477,168,1,6,2021,497
2021-06-30,6071,631,230,2,6,2021,498
2021-07-01,7644,864,333,3,7,2021,499
2021-07-02,6937,636,251,4,7,2021,500
2021-07-03,7068,600,238,5,7,2021,501
2021-07-04,7207,622,227,6,7,2021,502
2021-07-05,10593,900,327,0,7,2021,503
2021-07-06,9374,710,274,1,7,2021,504
2021-07-07,9717,848,303,2,7,2021,505
2021-07-08,9259,842,327,3,7,2021,506
2021-07-09,10211,863,328,4,7,2021,507
2021-07-10,12559,1178,495,5,7,2021,508
2021-07-11,9867,869,348,6,7,2021,509
2021-07-12,14021,1046,426,0,7,2021,510
2021-07-13,12815,981,407,1,7,2021,511
2021-07-14,11905,1038,427,2,7,2021,512
2021-07-15,13260,1214,515,3,7,2021,513
2021-07-16,13244,1109,439,4,7,2021,514
2021-07-17,13744,1215,513,5,7,2021,515
2021-07-18,13463,1257,518,6,7,2021,516
2021-07-19,19200,1460,615,0,7,2021,517
2021-07-20,18928,1802,748,1,7,2021,518
2021-07-21,15119,1242,521,2,7,2021,519
2021-07-22,15262,1356,573,3,7,2021,520
2021-07-23,16488,1379,592,4,7,2021,521
2021-07-24,16392,1329,566,5,7,2021,522
2021-07-25,17778,1766,754,6,7,2021,523
2021-07-26,21517,1777,735,0,7,2021,524
2021-07-27,19523,1653,712,1,7,2021,525
2021-07-28,17941,1500,661,2,7,2021,526
2021-07-29,16578,1436,659,3,7,2021,527
2021-07-30,17703,1620,745,4,7,2021,528
2021-07-31,16180,1533,649,5,7,2021,529
2021-08-01,21719,2341,1103,6,8,2021,530
2021-08-02,21420,1889,857,0,8,2021,531
2021-08-03,18488,1623,714,1,8,2021,532
2021-08-04,17166,1474,665,2,8,2021,533
2021-08-05,18745,1797,805,3,8,2021,534
2021-08-06,18674,1686,803,4,8,2021,535
2021-08-07,17745,1594,681,5,8,2021,536
2021-08-08,18516,1816,880,6,8,2021,537
2021-08-09,21789,1742,806,0,8,2021,538
2021-08-10,21860,2264,1082,1,8,2021,539
2021-08-11,16915,1539,687,2,8,2021,540
2021-08-12,16358,1633,707,3,8,2021,541
2021-08-13,17039,1615,731,4,8,2021,542
2021-08-14,16590,1554,740,5,8,2021,543
2021-08-15,17429,1924,899,6,8,2021,544
2021-08-16,19802,1772,789,0,8,2021,545
2021-08-17,16027,1562,718,1,8,2021,546
2021-08-18,15490,1630,754,2,8,2021,547
2021-08-19,13923,1436,660,3,8,2021,548
2021-08-20,18132,2187,1038,4,8,2021,549
2021-08-21,13030,1292,612,5,8,2021,550
2021-08-22,12556,1304,642,6,8,2021,551
2021-08-23,15844,1464,678,0,8,2021,552
2021-08-24,12953,1367,624,1,8,2021,553
2021-08-25,13448,1473,665,2,8,2021,554
2021-08-26,11500,1254,577,3,8,2021,555
2021-08-27,12435,1147,496,4,8,2021,556
2021-08-28,12618,1335,610,5,8,2021,557
2021-08-29,11105,1203,545,6,8,2021,558
2021-08-30,13906,1333,599,0,8,2021,559
2021-08-31,11111,1086,507,1,8,2021,560
2021-09-01,13970,1799,811,2,9,2021,561
2021-09-02,10794,1162,500,3,9,2021,562
2021-09-03,10985,1048,480,4,9,2021,563
2021-09-04,10198,1008,488,5,9,2021,564
2021-09-05,10128,1010,476,6,9,2021,565
2021-09-06,11767,1132,538,0,9,2021,566
2021-09-07,9951,979,453,1,9,2021,567
2021-09-08,9244,999,515,2,9,2021,568
2021-09-09,9042,997,496,3,9,2021,569
2021-09-10,10744,1282,599,4,9,2021,570
2021-09-11,7741,823,382,5,9,2021,571
2021-09-12,7406,828,385,6,9,2021,572
2021-09-13,8787,918,431,0,9,2021,573
2021-09-14,7511,821,389,1,9,2021,574
2021-09-15,8597,1013,457,2,9,2021,575
2021-09-16,6411,723,336,3,9,2021,576
2021-09-17,8811,818,389,4,9,2021,577
2021-09-18,8159,794,375,5,9,2021,578
2021-09-19,7796,795,343,6,9,2021,579
2021-09-20,10493,1012,443,0,9,2021,580
2021-09-21,7040,605,264,1,9,2021,581
2021-09-22,6881,664,303,2,9,2021,582
2021-09-23,6218,584,242,3,9,2021,583
2021-09-24,6981,626,283,4,9,2021,584
2021-09-25,6696,668,303,5,9,2021,585
2021-09-26,5614,558,264,6,9,2021,586
2021-09-27,7005,675,311,0,9,2021,587
2021-09-28,5525,572,273,1,9,2021,588
2021-09-29,5097,566,245,2,9,2021,589
2021-09-30,4962,637,314,3,9,2021,590
2021-10-01,6651,796,390,4,10,2021,591
2021-10-02,4849,542,241,5,10,2021,592
2021-10-03,4503,434,202,6,10,2021,593
2021-10-04,5701,560,277,0,10,2021,594
2021-10-05,4825,545,236,1,10,2021,595
2021-10-06,4407,439,203,2,10,2021,596
2021-10-07,4009,462,199,3,10,2021,597
2021-10-08,4430,505,227,4,10,2021,598
2021-10-09,4276,450,200,5,10,2021,599
2021-10-10,4943,565,245,6,10,2021,600
2021-10-11,4741,430,182,0,10,2021,601
2021-10-12,3886,392,157,1,10,2021,602
2021-10-13,3526,440,175,2,10,2021,603
2021-10-14,3374,368,160,3,10,2021,604
2021-10-15,4111,448,184,4,10,2021,605
2021-10-16,3358,370,160,5,10,2021,606
2021-10-17,3352,370,167,6,10,2021,607
2021-10-18,4355,457,201,0,10,2021,608
2021-10-19,3642,353,152,1,10,2021,609
2021-10-20,3911,470,188,2,10,2021,610
2021-10-21,3014,290,116,3,10,2021,611
2021-10-22,3322,337,155,4,10,2021,612
2021-10-23,2961,297,122,5,10,2021,613
2021-10-24,2811,305,123,6,10,2021,614
2021-10-25,4062,389,171,0,10,2021,615
2021-10-26,3049,301,132,1,10,2021,616
2021-10-27,2749,287,130,2,10,2021,617
2021-10-28,2497,332,141,3,10,2021,618
2021-10-29,2756,267,134,4,10,2021,619
2021-10-30,2378,263,124,5,10,2021,620
2021-10-31,2492,273,118,6,10,2021,621
2021-11-01,3726,429,197,0,11,2021,622
2021-11-02,2700,302,135,1,11,2021,623
2021-11-03,2858,285,127,2,11,2021,624
2021-11-04,2508,272,129,3,11,2021,625
2021-11-05,2753,307,128,4,11,2021,626
2021-11-06,2691,283,107,5,11,2021,627
2021-11-07,2631,246,108,6,11,2021,628
2021-11-08,3223,321,139,0,11,2021,629
2021-11-09,2714,275,125,1,11,2021,630
2021-11-10,2850,370,152,2,11,2021,631
2021-11-11,2327,316,131,3,11,2021,632
2021-11-12,2328,272,100,4,11,2021,633
2021-11-13,2232,259,98,5,11,2021,634
2021-11-14,2334,278,124,6,11,2021,635
2021-11-15,3011,362,160,0,11,2021,636
2021-11-16,2648,264,128,1,11,2021,637
2021-11-17,3058,256,112,2,11,2021,638
2021-11-18,2621,283,138,3,11,2021,639
2021-11-19,2833,305,136,4,11,2021,640
2021-11-20,3132,372,164,5,11,2021,641
2021-11-21,2366,267,117,6,11,2021,642
2021-11-22,2911,317,164,0,11,2021,643
2021-11-23,2463,253,120,1,11,2021,644
2021-11-24,2333,235,102,2,11,2021,645
2021-11-25,2659,310,119,3,11,2021,646
2021-11-26,2389,279,108,4,11,2021,647
2021-11-27,2320,227,94,5,11,2021,648
2021-11-28,2844,321,142,6,11,2021,649
2021-11-29,2846,264,119,0,11,2021,650
2021-11-30,2670,318,133,1,11,2021,651
2021-12-01,2903,382,172,2,12,2021,652
2021-12-02,2423,250,108,3,12,2021,653
2021-12-03,2395,254,131,4,12,2021,654
2021-12-04,2334,262,125,5,12,2021,655
2021-12-05,2469,291,125,6,12,2021,656
2021-12-06,2841,272,120,0,12,2021,657
2021-12-07,2363,238,104,1,12,2021,658
2021-12-08,2153,231,99,2,12,2021,659
2021-12-09,1982,210,93,3,12,2021,660
2021-12-10,2675,312,143,4,12,2021,661
2021-12-11,1935,214,104,5,12,2021,662
2021-12-12,2330,265,113,6,12,2021,663
2021-12-13,2742,245,101,0,12,2021,664
2021-12-14,2346,241,103,1,12,2021,665
2021-12-15,2386,277,123,2,12,2021,666
2021-12-16,2156,211,98,3,12,2021,667
2021-12-17,2411,238,100,4,12,2021,668
2021-12-18,2636,254,102,5,12,2021,669
2021-12-19,2791,214,97,6,12,2021,670
2021-12-20,4413,350,166,0,12,2021,671
2021-12-21,3479,232,91,1,12,2021,672
2021-12-22,3698,256,104,2,12,2021,673
2021-12-23,4229,269,113,3,12,2021,674
2021-12-24,5432,307,130,4,12,2021,675
2021-12-25,6491,318,114,5,12,2021,676
2021-12-26,8913,344,118,6,12,2021,677
2021-12-27,11720,436,144,0,12,2021,678
2021-12-28,11666,448,176,1,12,2021,679
2021-12-29,10521,352,126,2,12,2021,680
2021-12-30,11361,382,140,3,12,2021,681
2021-12-31,15222,502,180,4,12,2021,682
2022-01-01,27335,788,282,5,1,2022,683
2022-01-02,28053,618,203,6,1,2022,684
2022-01-03,42467,818,253,0,1,2022,685
2022-01-04,37389,755,226,1,1,2022,686
2022-01-05,40612,881,316,2,1,2022,687
2022-01-06,40222,849,259,3,1,2022,688
2022-01-07,47225,1010,317,4,1,2022,689
2022-01-08,49932,915,308,5,1,2022,690
2022-01-09,54638,1088,316,6,1,2022,691
2022-01-10,80705,1732,572,0,1,2022,692
2022-01-11,61831,1243,364,1,1,2022,693
2022-01-12,59844,1315,461,2,1,2022,694
2022-01-13,54733,1352,430,3,1,2022,695
2022-01-14,56536,1463,519,4,1,2022,696
2022-01-15,58565,1688,561,5,1,2022,697
2022-01-16,55596,1433,478,6,1,2022,698
2022-01-17,70285,1804,627,0,1,2022,699
2022-01-18,59012,1743,619,1,1,2022,700
2022-01-19,49736,1640,606,2,1,2022,701
2022-01-20,49639,2077,816,3,1,2022,702
2022-01-21,41132,1449,551,4,1,2022,703
2022-01-22,38586,1522,544,5,1,2022,704
2022-01-23,38667,1517,575,6,1,2022,705
2022-01-24,46422,1635,607,0,1,2022,706
2022-01-25,38486,1684,589,1,1,2022,707
2022-01-26,32062,1390,523,2,1,2022,708
2022-01-27,26927,1313,476,3,1,2022,709
2022-01-28,25984,1278,518,4,1,2022,710
2022-01-29,21652,994,366,5,1,2022,711
2022-01-30,23652,1287,519,6,1,2022,712
2022-01-31,26148,1229,450,0,1,2022,713
2022-02-01,24221,1458,580,1,2,2022,714
2022-02-02,16799,986,395,2,2,2022,715
2022-02-03,14030,834,335,3,2,2022,716
2022-02-04,12458,743,294,4,2,2022,717
2022-02-05,12405,797,349,5,2,2022,718
2022-02-06,11593,671,259,6,2,2022,719
2022-02-07,13495,679,282,0,2,2022,720
2022-02-08,12922,676,235,1,2,2022,721
2022-02-09,10803,585,226,2,2,2022,722
2022-02-10,10676,708,278,3,2,2022,723
2022-02-11,8627,448,176,4,2,2022,724
2022-02-12,8299,423,156,5,2,2022,725
2022-02-13,8586,465,160,6,2,2022,726
2022-02-14,9544,468,159,0,2,2022,727
2022-02-15,8403,488,155,1,2,2022,728
2022-02-16,6901,351,110,2,2,2022,729
2022-02-17,6051,304,105,3,2,2022,730
2022-02-18,5961,297,97,4,2,2022,731
2022-02-19,5420,266,93,5,2,2022,732
2022-02-20,6244,352,120,6,2,2022,733
2022-02-21,5859,278,83,0,2,2022,734
2022-02-22,4723,248,73,1,2,2022,735
2022-02-23,3914,193,55,2,2,2022,736
2022-02-24,3072,184,49,3,2,2022,737
2022-02-25,2960,183,50,4,2,2022,738
2022-02-26,2656,147,54,5,2,2022,739
2022-02-27,2837,169,50,6,2,2022,740
2022-02-28,3942,193,71,0,2,2022,741
2022-03-01,3146,251,67,1,3,2022,742
2022-03-02,2377,138,35,2,3,2022,743
2022-03-03,2375,125,32,3,3,2022,744
2022-03-04,1867,115,35,4,3,2022,745
2022-03-05,1845,134,40,5,3,2022,746
2022-03-06,2000,112,37,6,3,2022,747
2022-03-07,2414,148,38,0,3,2022,748
2022-03-08,1911,124,28,1,3,2022,749
2022-03-09,1654,106,31,2,3,2022,750
2022-03-10,1709,117,31,3,3,2022,751
2022-03-11,1343,94,18,4,3,2022,752
2022-03-12,1267,81,16,5,3,2022,753
2022-03-13,1467,70,14,6,3,2022,754
2022-03-14,1709,94,21,0,3,2022,755
2022-03-15,1481,96,21,1,3,2022,756
2022-03-16,1151,68,22,2,3,2022,757
2022-03-17,959,59,14,3,3,2022,758
2022-03-18,924,72,16,4,3,2022,759
2022-03-19,802,66,22,5,3,2022,760
2022-03-20,1031,65,8,6,3,2022,761
2022-03-21,1132,73,15,0,3,2022,762
2022-03-22,1312,82,17,1,3,2022,763
2022-03-23,979,57,7,2,3,2022,764
2022-03-24,801,44,11,3,3,2022,765
2022-03-25,886,64,18,4,3,2022,766
2022-03-26,831,44,8,5,3,2022,767
2022-03-27,1012,52,7,6,3,2022,768
2022-03-28,1323,70,15,0,3,2022,769
2022-03-29,958,49,13,1,3,2022,770
2022-03-30,765,50,8,2,3,2022,771
2022-03-31,600,44,7,3,3,2022,772
2022-04-01,672,72,15,4,4,2022,773
2022-04-02,563,37,8,5,4,2022,774
2022-04-03,710,47,7,6,4,2022,775
2022-04-04,844,50,12,0,4,2022,776
2022-04-05,682,41,9,1,4,2022,777
2022-04-06,592,33,8,2,4,2022,778
2022-04-07,562,31,5,3,4,2022,779
2022-04-08,524,26,7,4,4,2022,780
2022-04-09,499,24,4,5,4,2022,781
2022-04-10,559,39,8,6,4,2022,782
2022-04-11,565,25,6,0,4,2022,783
2022-04-12,410,33,8,1,4,2022,784
2022-04-13,360,33,6,2,4,2022,785
2022-04-14,352,29,3,3,4,2022,786
2022-04-15,399,29,3,4,4,2022,787
2022-04-16,505,43,11,5,4,2022,788
2022-04-17,548,30,9,6,4,2022,789
2022-04-18,774,34,8,0,4,2022,790
2022-04-19,568,20,4,1,4,2022,791
2022-04-20,559,38,6,2,4,2022,792
2022-04-21,499,21,3,3,4,2022,793
2022-04-22,488,30,6,4,4,2022,794
2022-04-23,536,18,0,5,4,2022,795
2022-04-24,684,24,4,6,4,2022,796
2022-04-25,695,33,10,0,4,2022,797
2022-04-26,586,30,3,1,4,2022,798
2022-04-27,492,29,7,2,4,2022,799
2022-04-28,490,26,8,3,4,2022,800
2022-04-29,448,20,3,4,4,2022,801
2022-04-30,533,20,2,5,4,2022,802
2022-05-01,722,29,5,6,5,2022,803
2022-05-02,732,24,7,0,5,2022,804
2022-05-03,686,32,5,1,5,2022,805
2022-05-04,620,23,4,2,5,2022,806
2022-05-05,589,26,6,3,5,2022,807
2022-05-06,616,20,0,4,5,2022,808
2022-05-07,630,14,2,5,5,2022,809
2022-05-08,736,32,7,6,5,2022,810
2022-05-09,927,23,1,0,5,2022,811
2022-05-10,901,28,7,1,5,2022,812
2022-05-11,868,25,1,2,5,2022,813
2022-05-12,843,35,2,3,5,2022,814
2022-05-13,828,21,4,4,5,2022,815
2022-05-14,869,30,4,5,5,2022,816
2022-05-15,1217,38,6,6,5,2022,817
2022-05-16,1373,39,7,0,5,2022,818
2022-05-17,1368,38,4,1,5,2022,819
2022-05-18,1259,30,8,2,5,2022,820
2022-05-19,1198,26,5,3,5,2022,821
2022-05-20,1527,49,7,4,5,2022,822
2022-05-21,1512,37,4,5,5,2022,823
2022-05-22,1657,23,0,6,5,2022,824
2022-05-23,2288,42,1,0,5,2022,825
2022-05-24,2020,41,2,1,5,2022,826
2022-05-25,2134,54,11,2,5,2022,827
2022-05-26,1819,31,7,3,5,2022,828
2022-05-27,1923,47,10,4,5,2022,829
2022-05-28,2139,51,5,5,5,2022,830
2022-05-29,2763,41,6,6,5,2022,831
2022-05-30,3710,73,9,0,5,2022,832
2022-05-31,3210,51,11,1,5,2022,833
2022-06-01,3659,92,11,2,6,2022,834
2022-06-02,3030,66,5,3,6,2022,835
2022-06-03,3447,57,9,4,6,2022,836
2022-06-04,3812,74,10,5,6,2022,837
2022-06-05,4909,90,5,6,6,2022,838
2022-06-06,6769,113,14,0,6,2022,839
2022-06-07,5956,84,9,1,6,2022,840
2022-06-08,5457,93,7,2,6,2022,841
2022-06-09,5183,83,11,3,6,2022,842
2022-06-10,6440,134,22,4,6,2022,843
2022-06-11,6106,111,13,5,6,2022,844
2022-06-12,7632,145,23,6,6,2022,845
2022-06-13,10188,151,18,0,6,2022,846
2022-06-14,9485,132,19,1,6,2022,847
2022-06-15,9282,161,18,2,6,2022,848
2022-06-16,8497,148,29,3,6,2022,849
2022-06-17,9598,154,22,4,6,2022,850
2022-06-18,10849,150,21,5,6,2022,851
2022-06-19,13670,189,14,6,6,2022,852
2022-06-20,19669,257,41,0,6,2022,853
2022-06-21,16719,222,37,1,6,2022,854
2022-06-22,16162,227,34,2,6,2022,855
2022-06-23,14735,242,42,3,6,2022,856
2022-06-24,15948,252,34,4,6,2022,857
2022-06-25,18335,291,38,5,6,2022,858
2022-06-26,23122,353,50,6,6,2022,859
2022-06-27,27966,357,47,0,6,2022,860
2022-06-28,25951,373,45,1,6,2022,861
2022-06-29,22638,368,55,2,6,2022,862
2022-06-30,20853,386,61,3,6,2022,863
2022-07-01,24836,530,87,4,7,2022,864
2022-07-02,23541,400,44,5,7,2022,865
2022-07-03,28563,441,49,6,7,2022,866
2022-07-04,36325,592,97,0,7,2022,867
2022-07-05,33369,536,74,1,7,2022,868
2022-07-06,28597,511,67,2,7,2022,869
2022-07-07,26540,530,102,3,7,2022,870
2022-07-08,25062,512,87,4,7,2022,871
2022-07-09,27228,457,71,5,7,2022,872
2022-07-10,35547,631,121,6,7,2022,873
2022-07-11,38965,653,98,0,7,2022,874
2022-07-12,32431,545,111,1,7,2022,875
2022-07-13,28838,513,85,2,7,2022,876
2022-07-14,23634,464,77,3,7,2022,877
2022-07-15,23766,576,117,4,7,2022,878
2022-07-16,22921,547,107,5,7,2022,879
2022-07-17,27142,539,95,6,7,2022,880
2022-07-18,33260,616,101,0,7,2022,881
2022-07-19,27646,515,89,1,7,2022,882
2022-07-20,24246,590,126,2,7,2022,883
2022-07-21,17960,404,81,3,7,2022,884
2022-07-22,17186,422,107,4,7,2022,885
2022-07-23,17145,426,73,5,7,2022,886
2022-07-24,19305,392,83,6,7,2022,887
2022-07-25,22759,525,101,0,7,2022,888
2022-07-26,16665,403,71,1,7,2022,889
2022-07-27,14306,378,77,2,7,2022,890
2022-07-28,11561,343,79,3,7,2022,891
2022-07-29,10582,307,60,4,7,2022,892
2022-07-30,10270,296,65,5,7,2022,893
2022-07-31,12100,315,63,6,7,2022,894
2022-08-01,16323,400,86,0,8,2022,895
2022-08-02,11296,297,71,1,8,2022,896
2022-08-03,9460,232,48,2,8,2022,897
2022-08-04,7782,228,31,3,8,2022,898
2022-08-05,7923,231,44,4,8,2022,899
2022-08-06,7428,202,42,5,8,2022,900
2022-08-07,8296,205,41,6,8,2022,901
2022-08-08,10078,220,44,0,8,2022,902
2022-08-09,7334,176,39,1,8,2022,903
2022-08-10,6492,212,41,2,8,2022,904
2022-08-11,4926,154,38,3,8,2022,905
2022-08-12,4584,178,38,4,8,2022,906
2022-08-13,4507,117,22,5,8,2022,907
2022-08-14,5223,131,28,6,8,2022,908
2022-08-15,6331,144,16,0,8,2022,909
2022-08-16,4710,130,35,1,8,2022,910
2022-08-17,3676,110,19,2,8,2022,911
2022-08-18,3427,127,34,3,8,2022,912
2022-08-19,3214,88,23,4,8,2022,913
2022-08-20,3660,131,32,5,8,2022,914
2022-08-21,3634,86,17,6,8,2022,915
2022-08-22,3989,110,13,0,8,2022,916
2022-08-23,3179,95,19,1,8,2022,917
2022-08-24,2656,80,15,2,8,2022,918
2022-08-25,2297,58,16,3,8,2022,919
2022-08-26,2236,71,18,4,8,2022,920
2022-08-27,2104,50,11,5,8,2022,921
2022-08-28,2738,74,15,6,8,2022,922
2022-08-29,3019,76,16,0,8,2022,923
2022-08-30,2273,58,11,1,8,2022,924
2022-08-31,1679,52,9,2,8,2022,925
2022-09-01,1899,72,10,3,9,2022,926
2022-09-02,1508,48,5,4,9,2022,927
2022-09-03,1721,44,7,5,9,2022,928
2022-09-04,1924,41,5,6,9,2022,929
2022-09-05,2395,67,13,0,9,2022,930
2022-09-06,1660,59,11,1,9,2022,931
2022-09-07,1471,41,11,2,9,2022,932
2022-09-08,1256,47,5,3,9,2022,933
2022-09-09,1260,40,7,4,9,2022,934
2022-09-10,1404,54,7,5,9,2022,935
2022-09-11,1351,45,9,6,9,2022,936
2022-09-12,1427,55,8,0,9,2022,937
2022-09-13,955,39,6,1,9,2022,938
2022-09-14,670,30,7,2,9,2022,939
2022-09-15,790,36,4,3,9,2022,940
2022-09-16,826,40,5,4,9,2022,941
2022-09-17,997,32,8,5,9,2022,942
2022-09-18,1357,34,8,6,9,2022,943
2022-09-19,1413,46,5,0,9,2022,944
2022-09-20,1161,43,5,1,9,2022,945
2022-09-21,831,35,7,2,9,2022,946
2022-09-22,729,33,7,3,9,2022,947
2022-09-23,725,34,7,4,9,2022,948
2022-09-24,815,37,11,5,9,2022,949
2022-09-25,855,31,9,6,9,2022,950
2022-09-26,967,31,6,0,9,2022,951
2022-09-27,670,24,2,1,9,2022,952
2022-09-28,582,29,4,2,9,2022,953
2022-09-29,473,18,0,3,9,2022,954
2022-09-30,519,23,4,4,9,2022,955
2022-10-01,616,25,6,5,10,2022,956
2022-10-02,673,26,7,6,10,2022,957
2022-10-03,678,20,3,0,10,2022,958
2022-10-04,521,20,3,1,10,2022,959
2022-10-05,466,19,4,2,10,2022,960
2022-10-06,391,24,3,3,10,2022,961
2022-10-07,362,14,3,4,10,2022,962
2022-10-08,349,22,6,5,10,2022,963
2022-10-09,463,12,2,6,10,2022,964
2022-10-10,575,32,7,0,10,2022,965
2022-10-11,418,18,4,1,10,2022,966
2022-10-12,353,15,2,2,10,2022,967
2022-10-13,308,16,1,3,10,2022,968
2022-10-14,311,15,4,4,10,2022,969
2022-10-15,372,16,4,5,10,2022,970
2022-10-16,405,18,4,6,10,2022,971
2022-10-17,474,18,0,0,10,2022,972
2022-10-18,391,19,3,1,10,2022,973
2022-10-19,376,18,3,2,10,2022,974
2022-10-20,344,11,1,3,10,2022,975
2022-10-21,315,16,0,4,10,2022,976
2022-10-22,368,15,5,5,10,2022,977
2022-10-23,407,15,4,6,10,2022,978
2022-10-24,577,25,6,0,10,2022,979
2022-10-25,458,29,4,1,10,2022,980
2022-10-26,349,21,1,2,10,2022,981
2022-10-27,344,15,2,3,10,2022,982
2022-10-28,309,19,2,4,10,2022,983
2022-10-29,294,13,3,5,10,2022,984
2022-10-30,427,23,3,6,10,2022,985
2022-10-31,552,17,2,0,10,2022,986
2022-11-01,501,21,2,1,11,2022,987
2022-11-02,478,26,3,2,11,2022,988
2022-11-03,460,27,7,3,11,2022,989
2022-11-04,470,15,1,4,11,2022,990
2022-11-05,556,26,9,5,11,2022,991
2022-11-06,635,18,3,6,11,2022,992
2022-11-07,862,29,6,0,11,2022,993
2022-11-08,715,31,4,1,11,2022,994
2022-11-09,635,26,2,2,11,2022,995
2022-11-10,561,24,1,3,11,2022,996
2022-11-11,615,35,8,4,11,2022,997
2022-11-12,660,25,3,5,11,2022,998
2022-11-13,817,21,3,6,11,2022,999
2022-11-14,1009,37,3,0,11,2022,1000
2022-11-15,974,33,5,1,11,2022,1001
2022-11-16,803,34,1,2,11,2022,1002
2022-11-17,702,32,1,3,11,2022,1003
2022-11-18,675,58,8,4,11,2022,1004
2022-11-19,643,31,6,5,11,2022,1005
2022-11-20,1125,44,11,6,11,2022,1006
2022-11-21,1371,46,6,0,11,2022,1007
2022-11-22,1504,56,13,1,11,2022,1008
2022-11-23,1354,45,10,2,11,2022,1009
2022-11-24,1226,51,9,3,11,2022,1010
2022-11-25,1331,72,14,4,11,2022,1011
2022-11-26,1456,50,8,5,11,2022,1012
2022-11-27,1900,55,5,6,11,2022,1013
2022-11-28,2476,81,20,0,11,2022,1014
2022-11-29,2100,61,11,1,11,2022,1015
2022-11-30,1950,70,10,2,11,2022,1016
2022-12-01,2043,90,22,3,12,2022,1017
2022-12-02,1895,69,14,4,12,2022,1018
2022-12-03,2185,84,18,5,12,2022,1019
2022-12-04,2868,78,12,6,12,2022,1020
2022-12-05,3939,133,18,0,12,2022,1021
2022-12-06,3240,92,13,1,12,2022,1022
2022-12-07,2919,104,18,2,12,2022,1023
2022-12-08,2537,94,20,3,12,2022,1024
2022-12-09,2572,101,12,4,12,2022,1025
2022-12-10,3561,155,35,5,12,2022,1026
2022-12-11,3778,160,29,6,12,2022,1027
2022-12-12,5226,183,38,0,12,2022,1028
2022-12-13,4495,138,25,1,12,2022,1029
2022-12-14,3965,132,26,2,12,2022,1030
2022-12-15,3635,160,30,3,12,2022,1031
2022-12-16,3382,140,23,4,12,2022,1032
2022-12-17,3896,141,30,5,12,2022,1033
2022-12-18,5152,179,29,6,12,2022,1034
2022-12-19,6598,200,23,0,12,2022,1035
2022-12-20,6151,225,42,1,12,2022,1036
2022-12-21,4859,192,32,2,12,2022,1037
2022-12-22,3605,179,33,3,12,2022,1038
2022-12-23,3204,200,36,4,12,2022,1039
2022-12-24,3569,193,35,5,12,2022,1040
2022-12-25,4663,215,44,6,12,2022,1041
2022-12-26,6349,266,53,0,12,2022,1042
2022-12-27,5417,241,52,1,12,2022,1043
2022-12-28,4493,226,41,2,12,2022,1044
2022-12-29,3341,195,43,3,12,2022,1045
2022-12-30,3098,164,36,4,12,2022,1046
2022-12-31,3629,191,44,5,12,2022,1047
2023-01-01,5610,273,59,6,1,2023,1048
2023-01-02,6379,237,51,0,1,2023,1049
2023-01-03,5523,208,42,1,1,2023,1050
2023-01-04,4350,216,48,2,1,2023,1051
2023-01-05,3641,185,46,3,1,2023,1052
2023-01-06,3441,169,36,4,1,2023,1053
2023-01-07,3989,193,34,5,1,2023,1054
2023-01-08,4542,189,48,6,1,2023,1055
2023-01-09,5814,222,44,0,1,2023,1056
2023-01-10,4758,205,41,1,1,2023,1057
2023-01-11,3407,156,30,2,1,2023,1058
2023-01-12,3116,152,34,3,1,2023,1059
2023-01-13,2902,155,37,4,1,2023,1060
2023-01-14,3087,154,30,5,1,2023,1061
2023-01-15,4019,175,39,6,1,2023,1062
2023-01-16,4697,180,32,0,1,2023,1063
2023-01-17,4033,158,31,1,1,2023,1064
2023-01-18,3628,133,29,2,1,2023,1065
2023-01-19,2979,137,29,3,1,2023,1066
2023-01-20,3084,161,44,4,1,2023,1067
2023-01-21,2945,124,27,5,1,2023,1068
2023-01-22,3718,137,25,6,1,2023,1069
2023-01-23,4520,144,25,0,1,2023,1070
2023-01-24,3606,145,30,1,1,2023,1071
2023-01-25,3306,127,22,2,1,2023,1072
2023-01-26,2422,104,16,3,1,2023,1073
2023-01-27,2284,119,12,4,1,2023,1074
2023-01-28,2730,115,28,5,1,2023,1075
2023-01-29,3368,100,23,6,1,2023,1076
2023-01-30,3739,112,26,0,1,2023,1077
2023-01-31,3100,95,14,1,1,2023,1078
2023-02-01,2975,133,24,2,2,2023,1079
2023-02-02,2156,94,14,3,2,2023,1080
2023-02-03,1734,101,19,4,2,2023,1081
2023-02-04,1850,90,18,5,2,2023,1082
2023-02-05,2636,116,18,6,2,2023,1083
2023-02-06,3596,143,25,0,2,2023,1084
2023-02-07,3567,130,23,1,2,2023,1085
2023-02-08,3045,101,11,2,2,2023,1086
2023-02-09,2487,98,18,3,2,2023,1087
2023-02-10,2402,143,23,4,2,2023,1088
2023-02-11,2301,80,16,5,2,2023,1089
2023-02-12,3053,118,10,6,2,2023,1090
2023-02-13,3562,108,21,0,2,2023,1091
2023-02-14,3092,99,19,1,2,2023,1092
2023-02-15,2905,123,15,2,2,2023,1093
2023-02-16,2325,99,19,3,2,2023,1094
2023-02-17,2180,91,13,4,2,2023,1095
2023-02-18,2623,95,12,5,2,2023,1096
2023-02-19,3177,120,12,6,2,2023,1097
2023-02-20,4009,138,10,0,2,2023,1098
2023-02-21,3287,108,10,1,2,2023,1099
2023-02-22,2881,110,13,2,2,2023,1100
2023-02-23,2266,74,11,3,2,2023,1101
2023-02-24,2042,100,18,4,2,2023,1102
2023-02-25,2293,78,11,5,2,2023,1103
2023-02-26,3263,106,15,6,2,2023,1104
2023-02-27,3416,112,18,0,2,2023,1105
2023-02-28,3191,103,11,1,2,2023,1106
2023-03-01,3054,136,20,2,3,2023,1107
2023-03-02,2161,87,8,3,3,2023,1108
2023-03-03,2261,86,14,4,3,2023,1109
2023-03-04,2356,79,10,5,3,2023,1110
2023-03-05,3318,97,14,6,3,2023,1111
2023-03-06,3805,113,9,0,3,2023,1112
2023-03-07,3388,105,20,1,3,2023,1113
2023-03-08,2949,120,12,2,3,2023,1114
2023-03-09,2399,120,15,3,3,2023,1115
2023-03-10,2501,117,17,4,3,2023,1116
2023-03-11,2410,86,12,5,3,2023,1117
2023-03-12,3113,111,13,6,3,2023,1118
2023-03-13,3595,117,20,0,3,2023,1119
2023-03-14,2892,83,2,1,3,2023,1120
2023-03-15,2525,124,23,2,3,2023,1121
2023-03-16,1862,80,16,3,3,2023,1122
2023-03-17,1330,94,16,4,3,2023,1123
2023-03-18,1499,95,18,5,3,2023,1124
2023-03-19,2036,80,15,6,3,2023,1125
2023-03-20,3222,120,24,0,3,2023,1126
2023-03-21,3044,102,16,1,3,2023,1127
2023-03-22,2562,86,5,2,3,2023,1128
2023-03-23,1935,86,5,3,3,2023,1129
2023-03-24,1794,87,21,4,3,2023,1130
2023-03-25,1967,83,12,5,3,2023,1131
2023-03-26,2452,95,14,6,3,2023,1132
2023-03-27,2951,99,15,0,3,2023,1133
2023-03-28,2344,82,8,1,3,2023,1134
2023-03-29,1959,79,9,2,3,2023,1135
2023-03-30,1445,68,12,3,3,2023,1136
2023-03-31,1159,55,8,4,3,2023,1137
2023-04-01,1486,77,9,5,4,2023,1138
2023-04-02,1762,56,5,6,4,2023,1139
2023-04-03,1700,78,19,0,4,2023,1140
2023-04-04,1202,55,7,1,4,2023,1141
2023-04-05,842,59,11,2,4,2023,1142
2023-04-06,652,41,6,3,4,2023,1143
2023-04-07,873,68,10,4,4,2023,1144
2023-04-08,1137,53,5,5,4,2023,1145
2023-04-09,1559,69,12,6,4,2023,1146
2023-04-10,2013,76,8,0,4,2023,1147
2023-04-11,1614,53,9,1,4,2023,1148
2023-04-12,1371,48,8,2,4,2023,1149
2023-04-13,1068,54,10,3,4,2023,1150
2023-04-14,1021,54,9,4,4,2023,1151
2023-04-15,1194,58,12,5,4,2023,1152
2023-04-16,1566,66,14,6,4,2023,1153
2023-04-17,1800,58,8,0,4,2023,1154
2023-04-18,1572,60,10,1,4,2023,1155
2023-04-19,1311,43,9,2,4,2023,1156
2023-04-20,1078,57,10,3,4,2023,1157
2023-04-21,899,45,6,4,4,2023,1158
2023-04-22,1157,56,7,5,4,2023,1159
2023-04-23,1506,52,7,6,4,2023,1160
2023-04-24,1800,59,9,0,4,2023,1161
2023-04-25,1648,43,7,1,4,2023,1162
2023-04-26,1274,40,6,2,4,2023,1163
2023-04-27,937,34,8,3,4,2023,1164
2023-04-28,769,34,3,4,4,2023,1165
2023-04-29,735,40,7,5,4,2023,1166
2023-04-30,1167,40,5,6,4,2023,1167
2023-05-01,1677,67,7,0,5,2023,1168
2023-05-02,1590,48,9,1,5,2023,1169
2023-05-03,1338,45,8,2,5,2023,1170
2023-05-04,977,51,10,3,5,2023,1171
2023-05-05,924,38,7,4,5,2023,1172
2023-05-06,959,40,3,5,5,2023,1173
2023-05-07,1227,36,8,6,5,2023,1174
2023-05-08,1286,53,10,0,5,2023,1175
2023-05-09,1020,45,7,1,5,2023,1176
2023-05-10,1119,38,7,2,5,2023,1177
2023-05-11,900,37,5,3,5,2023,1178
2023-05-12,794,40,6,4,5,2023,1179
2023-05-13,869,34,4,5,5,2023,1180
2023-05-14,1184,51,8,6,5,2023,1181
2023-05-15,1391,57,15,0,5,2023,1182
2023-05-16,1127,33,3,1,5,2023,1183
2023-05-17,1010,45,4,2,5,2023,1184
2023-05-18,763,39,6,3,5,2023,1185
2023-05-19,622,32,6,4,5,2023,1186
2023-05-20,840,46,6,5,5,2023,1187
2023-05-21,991,34,8,6,5,2023,1188
2023-05-22,1131,53,9,0,5,2023,1189
2023-05-23,970,45,6,1,5,2023,1190
2023-05-24,817,35,5,2,5,2023,1191
2023-05-25,676,37,3,3,5,2023,1192
2023-05-26,550,26,5,4,5,2023,1193
2023-05-27,582,28,5,5,5,2023,1194
2023-05-28,796,36,7,6,5,2023,1195
2023-05-29,827,31,4,0,5,2023,1196
2023-05-30,715,34,5,1,5,2023,1197
2023-05-31,447,22,6,2,5,2023,1198
2023-06-01,380,33,4,3,6,2023,1199
2023-06-02,293,21,4,4,6,2023,1200
2023-06-03,381,27,2,5,6,2023,1201
2023-06-04,475,24,2,6,6,2023,1202
2023-06-05,611,40,11,0,6,2023,1203
2023-06-06,511,21,4,1,6,2023,1204
2023-06-07,402,28,3,2,6,2023,1205
2023-06-08,351,18,5,3,6,2023,1206
2023-06-09,298,29,5,4,6,2023,1207
2023-06-10,367,26,4,5,6,2023,1208
2023-06-11,460,27,4,6,6,2023,1209
2023-06-12,552,27,3,0,6,2023,1210
2023-06-13,477,27,2,1,6,2023,1211
2023-06-14,320,20,3,2,6,2023,1212
2023-06-15,296,27,7,3,6,2023,1213
2023-06-16,248,19,1,4,6,2023,1214
2023-06-17,306,25,7,5,6,2023,1215
2023-06-18,384,21,2,6,6,2023,1216
2023-06-19,522,30,10,0,6,2023,1217
2023-06-20,495,37,9,1,6,2023,1218
2023-06-21,343,16,1,2,6,2023,1219
2023-06-22,299,18,1,3,6,2023,1220
2023-06-23,307,24,7,4,6,2023,1221
2023-06-24,358,17,1,5,6,2023,1222
2023-06-25,503,28,4,6,6,2023,1223
2023-06-26,521,26,1,0,6,2023,1224
2023-06-27,441,30,3,1,6,2023,1225
2023-06-28,371,14,3,2,6,2023,1226
2023-06-29,271,18,3,3,6,2023,1227
2023-06-30,283,27,5,4,6,2023,1228
2023-07-01,386,34,4,5,7,2023,1229
2023-07-02,430,24,4,6,7,2023,1230
2023-07-03,554,15,2,0,7,2023,1231
2023-07-04,480,21,1,1,7,2023,1232
2023-07-05,422,30,5,2,7,2023,1233
2023-07-06,298,25,5,3,7,2023,1234
2023-07-07,345,28,4,4,7,2023,1235
2023-07-08,401,28,8,5,7,2023,1236
2023-07-09,498,37,5,6,7,2023,1237
2023-07-10,632,39,4,0,7,2023,1238
2023-07-11,470,31,6,1,7,2023,1239
2023-07-12,434,35,4,2,7,2023,1240
2023-07-13,325,20,5,3,7,2023,1241
2023-07-14,329,25,4,4,7,2023,1242
2023-07-15,421,36,1,5,7,2023,1243
2023-07-16,492,32,3,6,7,2023,1244
2023-07-17,602,32,4,0,7,2023,1245
2023-07-18,589,38,6,1,7,2023,1246
2023-07-19,470,31,2,2,7,2023,1247
2023-07-20,453,38,5,3,7,2023,1248
2023-07-21,404,22,2,4,7,2023,1249
2023-07-22,469,25,6,5,7,2023,1250
2023-07-23,603,35,6,6,7,2023,1251
2023-07-24,695,44,8,0,7,2023,1252
2023-07-25,640,40,8,1,7,2023,1253
2023-07-26,494,24,6,2,7,2023,1254
2023-07-27,404,21,1,3,7,2023,1255
2023-07-28,434,37,3,4,7,2023,1256
2023-07-29,475,20,2,5,7,2023,1257
2023-07-30,729,30,5,6,7,2023,1258
2023-07-31,874,29,4,0,7,2023,1259
2023-08-01,928,53,11,1,8,2023,1260
2023-08-02,762,30,4,2,8,2023,1261
2023-08-03,642,35,2,3,8,2023,1262
2023-08-04,577,33,2,4,8,2023,1263
2023-08-05,707,44,5,5,8,2023,1264
2023-08-06,1013,40,5,6,8,2023,1265
2023-08-07,1152,32,5,0,8,2023,1266
2023-08-08,1126,48,6,1,8,2023,1267
2023-08-09,935,35,6,2,8,2023,1268
2023-08-10,791,50,6,3,8,2023,1269
2023-08-11,619,37,7,4,8,2023,1270
2023-08-12,724,38,5,5,8,2023,1271
2023-08-13,1008,43,8,6,8,2023,1272
2023-08-14,1277,53,4,0,8,2023,1273
2023-08-15,1122,49,7,1,8,2023,1274
2023-08-16,922,37,3,2,8,2023,1275
2023-08-17,818,43,4,3,8,2023,1276
2023-08-18,758,54,6,4,8,2023,1277
2023-08-19,866,47,8,5,8,2023,1278
2023-08-20,1281,53,6,6,8,2023,1279
2023-08-21,1465,60,4,0,8,2023,1280
2023-08-22,1271,54,5,1,8,2023,1281
2023-08-23,1131,45,4,2,8,2023,1282
2023-08-24,931,64,10,3,8,2023,1283
2023-08-25,845,56,10,4,8,2023,1284
2023-08-26,935,42,8,5,8,2023,1285
2023-08-27,1320,56,7,6,8,2023,1286
2023-08-28,1745,60,17,0,8,2023,1287
2023-08-29,1450,53,7,1,8,2023,1288
2023-08-30,1330,58,10,2,8,2023,1289
2023-08-31,1011,41,3,3,8,2023,1290
2023-09-01,1149,60,9,4,9,2023,1291
2023-09-02,1071,43,7,5,9,2023,1292
2023-09-03,1479,55,6,6,9,2023,1293
2023-09-04,1876,46,7,0,9,2023,1294
2023-09-05,1610,48,5,1,9,2023,1295
2023-09-06,1383,53,3,2,9,2023,1296
2023-09-07,1096,32,6,3,9,2023,1297
2023-09-08,1007,45,5,4,9,2023,1298
2023-09-09,1212,46,2,5,9,2023,1299
2023-09-10,1605,69,13,6,9,2023,1300
2023-09-11,1765,52,3,0,9,2023,1301
2023-09-12,1297,57,10,1,9,2023,1302
2023-09-13,909,48,5,2,9,2023,1303
2023-09-14,515,29,3,3,9,2023,1304
2023-09-15,454,40,5,4,9,2023,1305
2023-09-16,539,29,4,5,9,2023,1306
2023-09-17,848,31,2,6,9,2023,1307
2023-09-18,1075,43,8,0,9,2023,1308
2023-09-19,895,31,6,1,9,2023,1309
2023-09-20,734,36,7,2,9,2023,1310
2023-09-21,483,26,2,3,9,2023,1311
2023-09-22,391,35,9,4,9,2023,1312
2023-09-23,375,26,4,5,9,2023,1313
2023-09-24,486,31,4,6,9,2023,1314
2023-09-25,605,35,6,0,9,2023,1315
2023-09-26,465,29,4,1,9,2023,1316
2023-09-27,300,21,4,2,9,2023,1317
2023-09-28,137,19,7,3,9,2023,1318
2023-09-29,70,12,2,4,9,2023,1319
2023-09-30,32,11,3,5,9,2023,1320
2023-10-01,58,25,11,6,10,2023,1321
2023-10-02,46,19,9,0,10,2023,1322
2023-10-03,41,15,1,1,10,2023,1323
2023-10-04,32,14,3,2,10,2023,1324
2023-10-05,30,12,3,3,10,2023,1325
2023-10-06,27,11,1,4,10,2023,1326
2023-10-07,30,11,2,5,10,2023,1327
2023-10-08,34,14,2,6,10,2023,1328
2023-10-09,26,12,4,0,10,2023,1329
2023-10-10,37,16,2,1,10,2023,1330
2023-10-11,30,10,2,2,10,2023,1331
2023-10-12,26,7,0,3,10,2023,1332
2023-10-13,22,10,0,4,10,2023,1333
2023-10-14,15,5,1,5,10,2023,1334
2023-10-15,38,14,2,6,10,2023,1335
2023-10-16,30,6,1,0,10,2023,1336
2023-10-17,23,7,0,1,10,2023,1337
2023-10-18,24,10,2,2,10,2023,1338
2023-10-19,14,8,2,3,10,2023,1339
2023-10-20,22,11,0,4,10,2023,1340
2023-10-21,15,8,3,5,10,2023,1341
2023-10-22,16,4,0,6,10,2023,1342
2023-10-23,21,9,0,0,10,2023,1343
2023-10-24,9,2,0,1,10,2023,1344
2023-10-25,17,15,3,2,10,2023,1345
2023-10-26,14,7,4,3,10,2023,1346
2023-10-27,12,7,4,4,10,2023,1347
2023-10-28,10,5,1,5,10,2023,1348
2023-10-29,18,8,1,6,10,2023,1349
2023-10-30,12,6,0,0,10,2023,1350
2023-10-31,5,3,0,1,10,2023,1351
2023-11-01,9,5,2,2,11,2023,1352
2023-11-02,9,8,0,3,11,2023,1353
2023-11-03,7,2,1,4,11,2023,1354
2023-11-04,13,5,3,5,11,2023,1355
2023-11-05,13,7,0,6,11,2023,1356
2023-11-06,17,9,2,0,11,2023,1357
2023-11-07,19,8,0,1,11,2023,1358
2023-11-08,15,5,1,2,11,2023,1359
2023-11-09,16,3,1,3,11,2023,1360
2023-11-10,7,5,0,4,11,2023,1361
2023-11-11,8,2,0,5,11,2023,1362
2023-11-12,12,4,0,6,11,2023,1363
2023-11-13,14,7,4,0,11,2023,1364
2023-11-14,14,6,2,1,11,2023,1365
2023-11-15,12,6,3,2,11,2023,1366
2023-11-16,3,3,2,3,11,2023,1367
2023-11-17,2,0,0,4,11,2023,1368
2023-11-18,4,2,0,5,11,2023,1369
2023-11-19,11,3,0,6,11,2023,1370
2023-11-20,10,5,1,0,11,2023,1371
2023-11-21,18,8,1,1,11,2023,1372
2023-11-22,17,11,6,2,11,2023,1373
2023-11-23,9,2,0,3,11,2023,1374
2023-11-24,10,4,1,4,11,2023,1375
2023-11-25,13,6,1,5,11,2023,1376
2023-11-26,16,7,2,6,11,2023,1377
2023-11-27,23,10,2,0,11,2023,1378
2023-11-28,13,6,2,1,11,2023,1379
2023-11-29,15,11,2,2,11,2023,1380
2023-11-30,16,5,1,3,11,2023,1381
2023-12-01,11,5,1,4,12,2023,1382
2023-12-02,12,6,0,5,12,2023,1383
2023-12-03,24,6,0,6,12,2023,1384
2023-12-04,21,5,0,0,12,2023,1385
2023-12-05,17,9,1,1,12,2023,1386
2023-12-06,10,3,1,2,12,2023,1387
2023-12-07,9,4,1,3,12,2023,1388
2023-12-08,9,5,1,4,12,2023,1389
2023-12-09,13,8,0,5,12,2023,1390
2023-12-10,27,13,6,6,12,2023,1391
2023-12-11,23,7,1,0,12,2023,1392
2023-12-12,17,7,2,1,12,2023,1393
2023-12-13,18,10,3,2,12,2023,1394
2023-12-14,17,10,1,3,12,2023,1395
2023-12-15,18,14,1,4,12,2023,1396
2023-12-16,13,7,1,5,12,2023,1397
2023-12-17,24,8,1,6,12,2023,1398
2023-12-18,19,6,1,0,12,2023,1399
2023-12-19,21,7,0,1,12,2023,1400
2023-12-20,12,6,2,2,12,2023,1401
2023-12-21,8,2,1,3,12,2023,1402
2023-12-22,11,3,3,4,12,2023,1403
2023-12-23,18,7,1,5,12,2023,1404
2023-12-24,23,11,1,6,12,2023,1405
2023-12-25,25,9,0,0,12,2023,1406
2023-12-26,17,6,0,1,12,2023,1407
2023-12-27,16,3,0,2,12,2023,1408
2023-12-28,13,4,0,3,12,2023,1409
2023-12-29,12,8,0,4,12,2023,1410
2023-12-30,16,9,3,5,12,2023,1411
2023-12-31,25,12,0,6,12,2023,1412
2024-01-01,40,14,2,0,1,2024,1413
2024-01-02,28,12,2,1,1,2024,1414
2024-01-03,37,11,3,2,1,2024,1415
2024-01-04,24,13,4,3,1,2024,1416
2024-01-05,21,7,3,4,1,2024,1417
2024-01-06,31,8,1,5,1,2024,1418
2024-01-07,28,7,0,6,1,2024,1419
2024-01-08,39,13,2,0,1,2024,1420
2024-01-09,56,15,3,1,1,2024,1421
2024-01-10,37,17,3,2,1,2024,1422
2024-01-11,36,19,4,3,1,2024,1423
2024-01-12,47,18,2,4,1,2024,1424
2024-01-13,59,19,4,5,1,2024,1425
2024-01-14,68,13,1,6,1,2024,1426
2024-01-15,101,27,5,0,1,2024,1427
2024-01-16,78,27,2,1,1,2024,1428
2024-01-17,79,15,2,2,1,2024,1429
2024-01-18,61,25,7,3,1,2024,1430
2024-01-19,73,23,2,4,1,2024,1431
2024-01-20,87,22,5,5,1,2024,1432
2024-01-21,84,23,1,6,1,2024,1433
2024-01-22,113,30,3,0,1,2024,1434
2024-01-23,97,32,7,1,1,2024,1435
2024-01-24,94,27,4,2,1,2024,1436
2024-01-25,89,33,1,3,1,2024,1437
2024-01-26,47,16,4,4,1,2024,1438
2024-01-27,100,44,7,5,1,2024,1439
2024-01-28,105,25,3,6,1,2024,1440
2024-01-29,134,25,6,0,1,2024,1441
2024-01-30,122,34,2,1,1,2024,1442
2024-01-31,90,28,5,2,1,2024,1443
2024-02-01,76,24,1,3,2,2024,1444
2024-02-02,51,23,1,4,2,2024,1445
2024-02-03,81,23,2,5,2,2024,1446
2024-02-04,89,24,2,6,2,2024,1447
2024-02-05,125,30,7,0,2,2024,1448
2024-02-06,125,37,7,1,2,2024,1449
2024-02-07,99,22,5,2,2,2024,1450
2024-02-08,86,33,6,3,2,2024,1451
2024-02-09,87,27,2,4,2,2024,1452
2024-02-10,117,40,6,5,2,2024,1453
2024-02-11,123,35,4,6,2,2024,1454
2024-02-12,134,40,2,0,2,2024,1455
2024-02-13,112,40,3,1,2,2024,1456
2024-02-14,77,23,3,2,2,2024,1457
2024-02-15,73,19,2,3,2,2024,1458
2024-02-16,72,27,3,4,2,2024,1459
2024-02-17,79,30,4,5,2,2024,1460
2024-02-18,113,44,9,6,2,2024,1461
2024-02-19,102,29,4,0,2,2024,1462
2024-02-20,111,47,4,1,2,2024,1463
2024-02-21,65,20,5,2,2,2024,1464
2024-02-22,85,30,5,3,2,2024,1465
2024-02-23,55,24,1,4,2,2024,1466
2024-02-24,73,18,3,5,2,2024,1467
2024-02-25,93,33,7,6,2,2024,1468
2024-02-26,88,24,5,0,2,2024,1469
2024-02-27,76,28,7,1,2,2024,1470
2024-02-28,84,31,6,2,2,2024,1471
2024-02-29,63,27,5,3,2,2024,1472
2024-03-01,82,42,6,4,3,2024,1473
2024-03-02,65,30,9,5,3,2024,1474
2024-03-03,87,34,3,6,3,2024,1475
2024-03-04,64,28,5,0,3,2024,1476
2024-03-05,66,24,5,1,3,2024,1477
2024-03-06,47,16,1,2,3,2024,1478
2024-03-07,38,21,3,3,3,2024,1479
2024-03-08,36,22,2,4,3,2024,1480
2024-03-09,49,18,2,5,3,2024,1481
2024-03-10,48,19,5,6,3,2024,1482
2024-03-11,55,24,5,0,3,2024,1483
2024-03-12,47,20,4,1,3,2024,1484
2024-03-13,36,15,2,2,3,2024,1485
2024-03-14,33,11,2,3,3,2024,1486
2024-03-15,28,15,0,4,3,2024,1487
2024-03-16,16,8,4,5,3,2024,1488
2024-03-17,37,17,4,6,3,2024,1489
2024-03-18,33,15,5,0,3,2024,1490
2024-03-19,31,15,1,1,3,2024,1491
2024-03-20,44,19,7,2,3,2024,1492
2024-03-21,20,5,2,3,3,2024,1493
2024-03-22,29,17,4,4,3,2024,1494
2024-03-23,25,8,2,5,3,2024,1495
2024-03-24,22,7,2,6,3,2024,1496
2024-03-25,33,12,1,0,3,2024,1497
2024-03-26,15,8,2,1,3,2024,1498
2024-03-27,14,8,2,2,3,2024,1499
2024-03-28,9,3,0,3,3,2024,1500
2024-03-29,18,9,1,4,3,2024,1501
2024-03-30,33,18,5,5,3,2024,1502
2024-03-31,32,14,3,6,3,2024,1503
2024-04-01,36,15,3,0,4,2024,1504
2024-04-02,36,19,1,1,4,2024,1505
2024-04-03,26,13,0,2,4,2024,1506
2024-04-04,22,10,2,3,4,2024,1507
2024-04-05,35,15,2,4,4,2024,1508
2024-04-06,21,9,0,5,4,2024,1509
2024-04-07,27,12,2,6,4,2024,1510
2024-04-08,19,12,3,0,4,2024,1511
2024-04-09,19,8,2,1,4,2024,1512
2024-04-10,19,7,0,2,4,2024,1513
2024-04-11,20,9,1,3,4,2024,1514
2024-04-12,13,9,2,4,4,2024,1515
2024-04-13,17,7,2,5,4,2024,1516
2024-04-14,16,6,1,6,4,2024,1517
2024-04-15,22,12,3,0,4,2024,1518
2024-04-16,32,16,1,1,4,2024,1519
2024-04-17,13,8,0,2,4,2024,1520
2024-04-18,12,5,1,3,4,2024,1521
2024-04-19,14,8,1,4,4,2024,1522
2024-04-20,31,16,2,5,4,2024,1523
2024-04-21,22,8,2,6,4,2024,1524
2024-04-22,17,9,2,0,4,2024,1525
2024-04-23,18,11,2,1,4,2024,1526
2024-04-24,20,8,3,2,4,2024,1527
2024-04-25,19,11,1,3,4,2024,1528
2024-04-26,13,6,1,4,4,2024,1529
2024-04-27,15,4,0,5,4,2024,1530
2024-04-28,13,6,1,6,4,2024,1531
2024-04-29,18,12,5,0,4,2024,1532
2024-04-30,21,9,0,1,4,2024,1533
2024-05-01,10,8,2,2,5,2024,1534
2024-05-02,13,7,2,3,5,2024,1535
2024-05-03,9,6,1,4,5,2024,1536
2024-05-04,8,3,0,5,5,2024,1537
2024-05-05,21,9,0,6,5,2024,1538
2024-05-06,19,7,1,0,5,2024,1539
2024-05-07,15,8,2,1,5,2024,1540
2024-05-08,10,5,1,2,5,2024,1541
2024-05-09,14,9,4,3,5,2024,1542
2024-05-10,17,12,3,4,5,2024,1543
2024-05-11,12,6,0,5,5,2024,1544
2024-05-12,16,8,2,6,5,2024,1545
2024-05-13,19,10,2,0,5,2024,1546
2024-05-14,23,15,3,1,5,2024,1547
2024-05-15,29,11,1,2,5,2024,1548
2024-05-16,12,5,2,3,5,2024,1549
2024-05-17,22,16,2,4,5,2024,1550
2024-05-18,18,7,2,5,5,2024,1551
2024-05-19,29,10,4,6,5,2024,1552
2024-05-20,26,11,3,0,5,2024,1553
2024-05-21,18,9,2,1,5,2024,1554
2024-05-22,10,5,1,2,5,2024,1555
2024-05-23,10,6,0,3,5,2024,1556
2024-05-24,14,7,5,4,5,2024,1557
2024-05-25,18,4,0,5,5,2024,1558
2024-05-26,19,6,1,6,5,2024,1559
2024-05-27,18,8,1,0,5,2024,1560
2024-05-28,18,8,2,1,5,2024,1561
2024-05-29,16,6,0,2,5,2024,1562
2024-05-30,9,6,1,3,5,2024,1563
2024-05-31,14,5,1,4,5,2024,1564
2024-06-01,29,13,0,5,6,2024,1565
2024-06-02,26,9,1,6,6,2024,1566
2024-06-03,27,14,2,0,6,2024,1567
2024-06-04,23,4,0,1,6,2024,1568
2024-06-05,14,3,0,2,6,2024,1569
2024-06-06,15,8,2,3,6,2024,1570
2024-06-07,18,10,2,4,6,2024,1571
2024-06-08,21,8,0,5,6,2024,1572
2024-06-09,22,10,0,6,6,2024,1573
2024-06-10,43,13,3,0,6,2024,1574
2024-06-11,24,14,2,1,6,2024,1575
2024-06-12,25,12,1,2,6,2024,1576
2024-06-13,20,8,1,3,6,2024,1577
2024-06-14,25,11,4,4,6,2024,1578
2024-06-15,24,6,0,5,6,2024,1579
2024-06-16,32,9,2,6,6,2024,1580
2024-06-17,34,12,3,0,6,2024,1581
2024-06-18,26,7,2,1,6,2024,1582
2024-06-19,26,5,1,2,6,2024,1583
2024-06-20,18,9,3,3,6,2024,1584
2024-06-21,27,14,4,4,6,2024,1585
2024-06-22,32,4,1,5,6,2024,1586
2024-06-23,41,11,0,6,6,2024,1587
2024-06-24,41,12,3,0,6,2024,1588
2024-06-25,44,13,3,1,6,2024,1589
2024-06-26,35,11,2,2,6,2024,1590
2024-06-27,32,17,0,3,6,2024,1591
2024-06-28,28,8,1,4,6,2024,1592
2024-06-29,41,14,3,5,6,2024,1593
2024-06-30,71,19,5,6,6,2024,1594
2024-07-01,63,17,2,0,7,2024,1595
2024-07-02,66,29,7,1,7,2024,1596
2024-07-03,46,17,4,2,7,2024,1597
2024-07-04,42,11,2,3,7,2024,1598
2024-07-05,57,16,5,4,7,2024,1599
2024-07-06,58,16,2,5,7,2024,1600
2024-07-07,69,20,7,6,7,2024,1601
2024-07-08,96,22,5,0,7,2024,1602
2024-07-09,64,20,2,1,7,2024,1603
2024-07-10,87,29,6,2,7,2024,1604
2024-07-11,63,16,0,3,7,2024,1605
2024-07-12,69,23,7,4,7,2024,1606
2024-07-13,92,25,3,5,7,2024,1607
2024-07-14,120,32,3,6,7,2024,1608
2024-07-15,151,37,5,0,7,2024,1609
2024-07-16,157,44,6,1,7,2024,1610
2024-07-17,138,31,8,2,7,2024,1611
2024-07-18,122,34,6,3,7,2024,1612
2024-07-19,116,33,5,4,7,2024,1613
2024-07-20,150,50,8,5,7,2024,1614
2024-07-21,169,41,7,6,7,2024,1615
2024-07-22,142,44,2,0,7,2024,1616
2024-07-23,156,50,5,1,7,2024,1617
2024-07-24,121,42,4,2,7,2024,1618
2024-07-25,102,37,6,3,7,2024,1619
2024-07-26,93,46,7,4,7,2024,1620
2024-07-27,119,31,7,5,7,2024,1621
2024-07-28,138,44,3,6,7,2024,1622
2024-07-29,151,50,6,0,7,2024,1623
2024-07-30,90,37,10,1,7,2024,1624
2024-07-31,99,39,5,2,7,2024,1625
2024-08-01,63,31,3,3,8,2024,1626
2024-08-02,64,24,5,4,8,2024,1627
2024-08-03,79,21,2,5,8,2024,1628
2024-08-04,107,41,13,6,8,2024,1629
2024-08-05,128,42,6,0,8,2024,1630
2024-08-06,89,34,9,1,8,2024,1631
2024-08-07,81,36,5,2,8,2024,1632
2024-08-08,60,25,2,3,8,2024,1633
2024-08-09,59,24,7,4,8,2024,1634
2024-08-10,108,41,8,5,8,2024,1635
2024-08-11,89,39,6,6,8,2024,1636
2024-08-12,78,26,4,0,8,2024,1637
2024-08-13,88,37,10,1,8,2024,1638
2024-08-14,76,30,3,2,8,2024,1639
2024-08-15,50,25,6,3,8,2024,1640
2024-08-16,45,21,5,4,8,2024,1641
2024-08-17,44,17,1,5,8,2024,1642
2024-08-18,60,22,1,6,8,2024,1643
2024-08-19,76,39,5,0,8,2024,1644
2024-08-20,44,23,7,1,8,2024,1645
2024-08-21,47,21,0,2,8,2024,1646
2024-08-22,38,20,1,3,8,2024,1647
2024-08-23,34,11,2,4,8,2024,1648
2024-08-24,31,11,2,5,8,2024,1649
2024-08-25,52,22,4,6,8,2024,1650
2024-08-26,55,22,3,0,8,2024,1651
2024-08-27,45,20,4,1,8,2024,1652
2024-08-28,36,15,1,2,8,2024,1653
2024-08-29,33,14,1,3,8,2024,1654
2024-08-30,35,20,2,4,8,2024,1655
2024-08-31,35,15,4,5,8,2024,1656
2024-09-01,59,30,5,6,9,2024,1657
2024-09-02,48,28,4,0,9,2024,1658
2024-09-03,27,14,3,1,9,2024,1659
2024-09-04,29,12,1,2,9,2024,1660
2024-09-05,22,12,2,3,9,2024,1661
2024-09-06,32,18,2,4,9,2024,1662
2024-09-07,30,14,0,5,9,2024,1663
2024-09-08,27,9,1,6,9,2024,1664
2024-09-09,37,17,2,0,9,2024,1665
2024-09-10,31,15,1,1,9,2024,1666
2024-09-11,24,5,1,2,9,2024,1667
2024-09-12,16,5,1,3,9,2024,1668
2024-09-13,11,6,1,4,9,2024,1669
2024-09-14,12,10,1,5,9,2024,1670
2024-09-15,19,12,2,6,9,2024,1671
2024-09-16,30,12,1,0,9,2024,1672
2024-09-17,24,8,0,1,9,2024,1673
2024-09-18,18,13,2,2,9,2024,1674
2024-09-19,11,10,1,3,9,2024,1675
2024-09-20,24,10,3,4,9,2024,1676
2024-09-21,10,8,0,5,9,2024,1677
2024-09-22,19,10,4,6,9,2024,1678
2024-09-23,21,11,1,0,9,2024,1679
2024-09-24,13,7,1,1,9,2024,1680
2024-09-25,10,4,1,2,9,2024,1681
2024-09-26,12,7,0,3,9,2024,1682
2024-09-27,6,5,1,4,9,2024,1683
2024-09-28,10,7,3,5,9,2024,1684
2024-09-29,13,10,4,6,9,2024,1685
2024-09-30,20,9,1,0,9,2024,1686
2024-10-01,17,12,4,1,10,2024,1687
2024-10-02,11,6,1,2,10,2024,1688
2024-10-03,8,3,0,3,10,2024,1689
2024-10-04,10,7,2,4,10,2024,1690
2024-10-05,10,3,0,5,10,2024,1691
2024-10-06,12,5,0,6,10,2024,1692
2024-10-07,6,4,0,0,10,2024,1693
2024-10-08,9,4,1,1,10,2024,1694
2024-10-09,4,2,1,2,10,2024,1695
2024-10-10,7,5,0,3,10,2024,1696
2024-10-11,6,3,0,4,10,2024,1697
2024-10-12,5,4,1,5,10,2024,1698
2024-10-13,5,3,2,6,10,2024,1699
2024-10-14,5,3,2,0,10,2024,1700
2024-10-15,5,2,0,1,10,2024,1701
2024-10-16,4,2,1,2,10,2024,1702
2024-10-17,4,4,2,3,10,2024,1703
2024-10-18,5,2,0,4,10,2024,1704
2024-10-19,4,1,0,5,10,2024,1705
2024-10-20,8,7,2,6,10,2024,1706
2024-10-21,4,3,2,0,10,2024,1707
2024-10-22,3,2,0,1,10,2024,1708
2024-10-23,4,2,1,2,10,2024,1709
2024-10-24,3,3,0,3,10,2024,1710
2024-10-25,3,2,1,4,10,2024,1711
2024-10-26,2,2,1,5,10,2024,1712
2024-10-27,6,4,0,6,10,2024,1713
2024-10-28,2,2,0,0,10,2024,1714
2024-10-29,5,3,2,1,10,2024,1715
2024-10-30,2,1,1,2,10,2024,1716
2024-10-31,4,3,0,3,10,2024,1717
2024-11-01,7,6,1,4,11,2024,1718
2024-11-02,7,6,1,5,11,2024,1719
2024-11-03,6,4,0,6,11,2024,1720
2024-11-04,12,9,1,0,11,2024,1721
2024-11-05,4,3,0,1,11,2024,1722
2024-11-06,5,1,1,2,11,2024,1723
2024-11-07,2,1,0,3,11,2024,1724
2024-11-08,8,7,1,4,11,2024,1725
2024-11-09,1,1,0,5,11,2024,1726
2024-11-10,2,1,1,6,11,2024,1727
2024-11-11,3,2,0,0,11,2024,1728
2024-11-12,2,1,0,1,11,2024,1729
2024-11-13,3,3,1,2,11,2024,1730
2024-11-14,3,2,0,3,11,2024,1731
2024-11-15,3,3,1,4,11,2024,1732
2024-11-16,2,2,0,5,11,2024,1733
2024-11-17,2,2,0,6,11,2024,1734
2024-11-18,4,3,0,0,11,2024,1735
2024-11-19,2,1,0,1,11,2024,1736
2024-11-20,5,1,0,2,11,2024,1737
2024-11-21,2,0,0,3,11,2024,1738
2024-11-22,1,1,0,4,11,2024,1739
2024-11-23,4,0,0,5,11,2024,1740
2024-11-24,1,1,0,6,11,2024,1741
2024-11-25,3,3,1,0,11,2024,1742
2024-11-26,2,1,0,1,11,2024,1743
2024-11-27,3,1,0,2,11,2024,1744
2024-11-28,3,2,1,3,11,2024,1745
2024-11-29,2,1,0,4,11,2024,1746
2024-11-30,4,0,0,5,11,2024,1747
2024-12-01,9,4,1,6,12,2024,1748
2024-12-02,4,1,0,0,12,2024,1749
2024-12-03,5,4,1,1,12,2024,1750
2024-12-04,5,3,0,2,12,2024,1751
2024-12-05,2,0,0,3,12,2024,1752
2024-12-06,1,1,0,4,12,2024,1753
2024-12-07,1,0,0,5,12,2024,1754
2024-12-08,2,1,0,6,12,2024,1755
2024-12-09,3,0,0,0,12,2024,1756
2024-12-10,5,3,0,1,12,2024,1757
2024-12-11,1,1,0,2,12,2024,1758
2024-12-12,5,3,1,3,12,2024,1759
2024-12-13,2,1,0,4,12,2024,1760
2024-12-14,2,1,1,5,12,2024,1761
2024-12-15,4,2,0,6,12,2024,1762
2024-12-16,2,1,0,0,12,2024,1763
2024-12-17,1,1,0,1,12,2024,1764
2024-12-18,11,7,0,2,12,2024,1765
2024-12-19,5,3,0,3,12,2024,1766
2024-12-20,4,2,0,4,12,2024,1767
2024-12-21,4,2,1,5,12,2024,1768
2024-12-22,3,2,2,6,12,2024,1769
2024-12-23,4,3,1,0,12,2024,1770
2024-12-24,3,2,0,1,12,2024,1771
2024-12-25,1,1,0,2,12,2024,1772
2024-12-26,6,3,0,3,12,2024,1773
2024-12-27,3,1,0,4,12,2024,1774
2024-12-28,7,5,1,5,12,2024,1775
2024-12-29,1,0,0,6,12,2024,1776
2024-12-30,3,1,0,0,12,2024,1777
2024-12-31,4,0,0,1,12,2024,1778
2025-01-01,7,5,1,2,1,2025,1779
2025-01-02,2,2,2,3,1,2025,1780
2025-01-03,7,3,0,4,1,2025,1781
2025-01-04,7,5,2,5,1,2025,1782
2025-01-05,8,3,1,6,1,2025,1783
2025-01-06,9,6,0,0,1,2025,1784
2025-01-07,5,3,1,1,1,2025,1785
2025-01-08,2,1,0,2,1,2025,1786
2025-01-09,5,1,0,3,1,2025,1787
2025-01-10,3,2,0,4,1,2025,1788
2025-01-11,2,2,0,5,1,2025,1789
2025-01-12,12,8,1,6,1,2025,1790
2025-01-13,5,3,2,0,1,2025,1791
2025-01-14,15,11,1,1,1,2025,1792
2025-01-15,10,5,2,2,1,2025,1793
2025-01-16,5,1,1,3,1,2025,1794
2025-01-17,4,1,0,4,1,2025,1795
2025-01-18,8,5,0,5,1,2025,1796
2025-01-19,5,4,0,6,1,2025,1797
2025-01-20,6,1,0,0,1,2025,1798
2025-01-21,3,2,1,1,1,2025,1799
2025-01-22,5,1,0,2,1,2025,1800
2025-01-23,4,1,0,3,1,2025,1801
2025-01-24,4,3,1,4,1,2025,1802
2025-01-25,5,4,1,5,1,2025,1803
2025-01-26,10,5,3,6,1,2025,1804
2025-01-27,9,5,0,0,1,2025,1805
2025-01-28,9,5,0,1,1,2025,1806
2025-01-29,9,5,1,2,1,2025,1807
2025-01-30,4,3,0,3,1,2025,1808
2025-01-31,5,2,1,4,1,2025,1809
2025-02-01,3,2,0,5,2,2025,1810
2025-02-02,7,4,1,6,2,2025,1811
2025-02-03,12,6,0,0,2,2025,1812
2025-02-04,10,5,2,1,2,2025,1813
2025-02-05,9,7,2,2,2,2025,1814
2025-02-06,7,5,0,3,2,2025,1815
2025-02-07,11,6,1,4,2,2025,1816
2025-02-08,14,9,1,5,2,2025,1817
2025-02-09,9,6,0,6,2,2025,1818
2025-02-10,11,8,0,0,2,2025,1819
2025-02-11,16,7,0,1,2,2025,1820
2025-02-12,8,3,0,2,2,2025,1821
2025-02-13,8,4,0,3,2,2025,1822
2025-02-14,5,2,0,4,2,2025,1823
2025-02-15,18,8,0,5,2,2025,1824
2025-02-16,15,2,0,6,2,2025,1825
2025-02-17,16,5,1,0,2,2025,1826
2025-02-18,17,8,0,1,2,2025,1827
2025-02-19,10,5,0,2,2,2025,1828
2025-02-20,17,9,1,3,2,2025,1829
2025-02-21,14,8,3,4,2,2025,1830
2025-02-22,14,6,2,5,2,2025,1831
2025-02-23,20,7,0,6,2,2025,1832
2025-02-24,23,7,0,0,2,2025,1833
2025-02-25,23,8,2,1,2,2025,1834
2025-02-26,15,10,0,2,2,2025,1835
2025-02-27,17,5,0,3,2,2025,1836
2025-02-28,11,9,1,4,2,2025,1837
2025-03-01,21,3,0,5,3,2025,1838
2025-03-02,16,5,1,6,3,2025,1839
2025-03-03,20,7,0,0,3,2025,1840
2025-03-04,22,5,0,1,3,2025,1841
2025-03-05,19,4,0,2,3,2025,1842
2025-03-06,14,6,2,3,3,2025,1843
2025-03-07,17,6,1,4,3,2025,1844
2025-03-08,18,8,0,5,3,2025,1845
2025-03-09,18,9,0,6,3,2025,1846
2025-03-10,26,5,0,0,3,2025,1847
2025-03-11,19,4,0,1,3,2025,1848
2025-03-12,19,5,0,2,3,2025,1849
2025-03-13,14,6,0,3,3,2025,1850
2025-03-14,12,6,0,4,3,2025,1851
2025-03-15,24,7,2,5,3,2025,1852
2025-03-16,22,11,2,6,3,2025,1853
2025-03-17,27,9,1,0,3,2025,1854
2025-03-18,33,12,1,1,3,2025,1855
2025-03-19,32,14,2,2,3,2025,1856
2025-03-20,26,12,0,3,3,2025,1857
2025-03-21,20,5,0,4,3,2025,1858
2025-03-22,31,11,3,5,3,2025,1859
2025-03-23,38,13,1,6,3,2025,1860
2025-03-24,40,15,2,0,3,2025,1861
2025-03-25,44,14,2,1,3,2025,1862
2025-03-26,22,10,0,2,3,2025,1863
2025-03-27,29,11,4,3,3,2025,1864
2025-03-28,34,14,3,4,3,2025,1865
2025-03-29,35,9,0,5,3,2025,1866
2025-03-30,38,16,3,6,3,2025,1867
2025-03-31,59,19,4,0,3,2025,1868
2025-04-01,56,21,0,1,4,2025,1869
2025-04-02,60,28,1,2,4,2025,1870
2025-04-03,41,19,4,3,4,2025,1871
2025-04-04,47,21,1,4,4,2025,1872
2025-04-05,49,18,1,5,4,2025,1873
2025-04-06,71,25,1,6,4,2025,1874
2025-04-07,71,28,6,0,4,2025,1875
2025-04-08,60,16,2,1,4,2025,1876
2025-04-09,61,16,2,2,4,2025,1877
2025-04-10,45,17,1,3,4,2025,1878
2025-04-11,30,12,1,4,4,2025,1879
2025-04-12,55,22,2,5,4,2025,1880
2025-04-13,66,29,9,6,4,2025,1881
2025-04-14,59,13,2,0,4,2025,1882
2025-04-15,40,22,2,1,4,2025,1883
2025-04-16,19,10,1,2,4,2025,1884
2025-04-17,39,18,4,3,4,2025,1885
2025-04-18,48,18,1,4,4,2025,1886
2025-04-19,51,19,3,5,4,2025,1887
2025-04-20,80,30,1,6,4,2025,1888
2025-04-21,68,26,2,0,4,2025,1889
2025-04-22,65,32,1,1,4,2025,1890
2025-04-23,44,22,1,2,4,2025,1891
2025-04-24,41,21,3,3,4,2025,1892
2025-04-25,41,17,2,4,4,2025,1893
2025-04-26,38,17,1,5,4,2025,1894
2025-04-27,68,36,5,6,4,2025,1895
2025-04-28,62,25,2,0,4,2025,1896
2025-04-29,24,10,2,1,4,2025,1897
2025-04-30,41,21,4,2,4,2025,1898
2025-05-01,46,22,3,3,5,2025,1899
2025-05-02,28,14,3,4,5,2025,1900
2025-05-03,30,12,2,5,5,2025,1901
2025-05-04,48,28,3,6,5,2025,1902
2025-05-05,56,20,3,0,5,2025,1903
2025-05-06,58,28,6,1,5,2025,1904
2025-05-07,43,18,3,2,5,2025,1905
2025-05-08,22,10,2,3,5,2025,1906
2025-05-09,24,11,1,4,5,2025,1907
2025-05-10,48,18,1,5,5,2025,1908
2025-05-11,39,16,5,6,5,2025,1909
2025-05-12,51,22,3,0,5,2025,1910
2025-05-13,49,25,5,1,5,2025,1911
2025-05-14,46,23,5,2,5,2025,1912
2025-05-15,39,27,2,3,5,2025,1913
2025-05-16,38,15,1,4,5,2025,1914
2025-05-17,30,12,2,5,5,2025,1915
2025-05-18,65,27,6,6,5,2025,1916
2025-05-19,58,21,4,0,5,2025,1917
2025-05-20,56,25,0,1,5,2025,1918
2025-05-21,46,14,2,2,5,2025,1919
2025-05-22,31,17,2,3,5,2025,1920
2025-05-23,37,18,2,4,5,2025,1921
2025-05-24,37,17,4,5,5,2025,1922
2025-05-25,69,26,2,6,5,2025,1923
2025-05-26,51,22,2,0,5,2025,1924
2025-05-27,49,22,3,1,5,2025,1925
2025-05-28,54,20,4,2,5,2025,1926
2025-05-29,29,13,0,3,5,2025,1927
2025-05-30,34,12,1,4,5,2025,1928
2025-05-31,29,18,5,5,5,2025,1929
2025-06-01,64,21,1,6,6,2025,1930
2025-06-02,42,9,1,0,6,2025,1931
2025-06-03,43,22,1,1,6,2025,1932
2025-06-04,58,25,2,2,6,2025,1933
2025-06-05,35,16,3,3,6,2025,1934
2025-06-06,36,20,1,4,6,2025,1935
2025-06-07,44,23,2,5,6,2025,1936
2025-06-08,46,14,4,6,6,2025,1937
2025-06-09,65,25,4,0,6,2025,1938
2025-06-10,47,17,0,1,6,2025,1939
2025-06-11,33,17,1,2,6,2025,1940
2025-06-12,40,17,4,3,6,2025,1941
2025-06-13,23,6,0,4,6,2025,1942
2025-06-14,38,15,2,5,6,2025,1943
2025-06-15,62,19,5,6,6,2025,1944
2025-06-16,38,10,1,0,6,2025,1945
2025-06-17,38,19,0,1,6,2025,1946
2025-06-18,36,12,1,2,6,2025,1947
2025-06-19,16,9,1,3,6,2025,1948
2025-06-20,21,14,4,4,6,2025,1949
2025-06-21,27,9,1,5,6,2025,1950
2025-06-22,30,12,0,6,6,2025,1951
2025-06-23,46,18,4,0,6,2025,1952
2025-06-24,28,12,1,1,6,2025,1953
2025-06-25,22,10,1,2,6,2025,1954
2025-06-26,21,12,3,3,6,2025,1955
2025-06-27,16,7,2,4,6,2025,1956
2025-06-28,18,9,3,5,6,2025,1957
2025-06-29,25,13,0,6,6,2025,1958
2025-06-30,27,18,5,0,6,2025,1959
2025-07-01,24,9,1,1,7,2025,1960
2025-07-02,13,7,2,2,7,2025,1961
2025-07-03,17,10,1,3,7,2025,1962
2025-07-04,20,9,0,4,7,2025,1963
2025-07-05,21,7,0,5,7,2025,1964
2025-07-06,27,9,5,6,7,2025,1965
2025-07-07,28,8,1,0,7,2025,1966
2025-07-08,22,14,2,1,7,2025,1967
2025-07-09,18,11,1,2,7,2025,1968
2025-07-10,9,5,1,3,7,2025,1969
2025-07-11,17,8,1,4,7,2025,1970
2025-07-12,18,5,1,5,7,2025,1971
2025-07-13,21,7,1,6,7,2025,1972
2025-07-14,25,9,1,0,7,2025,1973
2025-07-15,28,19,4,1,7,2025,1974
2025-07-16,14,5,1,2,7,2025,1975
2025-07-17,7,3,1,3,7,2025,1976
2025-07-18,11,5,1,4,7,2025,1977
2025-07-19,10,5,1,5,7,2025,1978
2025-07-20,20,11,0,6,7,2025,1979
2025-07-21,19,9,3,0,7,2025,1980
2025-07-22,16,5,0,1,7,2025,1981
2025-07-23,9,5,1,2,7,2025,1982
2025-07-24,13,8,1,3,7,2025,1983
2025-07-25,20,9,0,4,7,2025,1984
2025-07-26,19,13,1,5,7,2025,1985
2025-07-27,19,10,1,6,7,2025,1986
2025-07-28,13,7,1,0,7,2025,1987
2025-07-29,13,6,0,1,7,2025,1988
2025-07-30,15,7,2,2,7,2025,1989
2025-07-31,7,4,0,3,7,2025,1990
2025-08-01,12,7,0,4,8,2025,1991
2025-08-02,16,9,2,5,8,2025,1992
2025-08-03,15,6,2,6,8,2025,1993
2025-08-04,16,12,2,0,8,2025,1994
2025-08-05,10,6,1,1,8,2025,1995
2025-08-06,6,3,0,2,8,2025,1996
2025-08-07,11,5,0,3,8,2025,1997
2025-08-08,14,11,3,4,8,2025,1998
2025-08-09,10,6,1,5,8,2025,1999
2025-08-10,33,12,2,6,8,2025,2000
2025-08-11,21,9,1,0,8,2025,2001
2025-08-12,13,2,0,1,8,2025,2002
2025-08-13,10,5,1,2,8,2025,2003
2025-08-14,9,8,4,3,8,2025,2004
2025-08-15,17,7,1,4,8,2025,2005
2025-08-16,14,7,2,5,8,2025,2006
2025-08-17,9,4,2,6,8,2025,2007
2025-08-18,19,10,0,0,8,2025,2008
2025-08-19,14,8,0,1,8,2025,2009
2025-08-20,14,9,2,2,8,2025,2010
2025-08-21,10,8,0,3,8,2025,2011
2025-08-22,13,4,0,4,8,2025,2012
2025-08-23,6,3,0,5,8,2025,2013
2025-08-24,19,11,1,6,8,2025,2014
2025-08-25,17,7,1,0,8,2025,2015
2025-08-26,11,7,0,1,8,2025,2016
2025-08-27,13,6,1,2,8,2025,2017
2025-08-28,16,10,3,3,8,2025,2018
2025-08-29,5,3,0,4,8,2025,2019
2025-08-30,21,13,0,5,8,2025,2020
2025-08-31,7,2,0,6,8,2025,2021
2025-09-01,25,10,1,0,9,2025,2022
2025-09-02,11,6,3,1,9,2025,2023
2025-09-03,13,5,1,2,9,2025,2024
2025-09-04,11,9,0,3,9,2025,2025
2025-09-05,10,5,0,4,9,2025,2026
2025-09-06,14,4,1,5,9,2025,2027
2025-09-07,10,2,0,6,9,2025,2028
2025-09-08,17,8,0,0,9,2025,2029
2025-09-09,17,10,0,1,9,2025,2030
2025-09-10,16,5,0,2,9,2025,2031
2025-09-11,15,5,1,3,9,2025,2032
2025-09-12,10,7,2,4,9,2025,2033
2025-09-13,8,6,0,5,9,2025,2034
2025-09-14,17,9,0,6,9,2025,2035
2025-09-15,24,8,1,0,9,2025,2036
2025-09-16,22,15,1,1,9,2025,2037
2025-09-17,23,12,3,2,9,2025,2038
2025-09-18,19,12,1,3,9,2025,2039
2025-09-19,13,6,1,4,9,2025,2040
2025-09-20,22,12,1,5,9,2025,2041
2025-09-21,11,6,1,6,9,2025,2042
2025-09-22,26,14,0,0,9,2025,2043
2025-09-23,22,6,0,1,9,2025,2044
2025-09-24,19,11,0,2,9,2025,2045
2025-09-25,16,7,0,3,9,2025,2046
2025-09-26,13,9,0,4,9,2025,2047
2025-09-27,16,8,0,5,9,2025,2048
2025-09-28,13,7,1,6,9,2025,2049
2025-09-29,15,6,0,0,9,2025,2050
2025-09-30,22,13,3,1,9,2025,2051
2025-10-01,20,7,1,2,10,2025,2052
2025-10-02,15,10,1,3,10,2025,2053
2025-10-03,7,7,0,4,10,2025,2054
2025-10-04,17,9,1,5,10,2025,2055
2025-10-05,19,8,0,6,10,2025,2056
2025-10-06,20,11,3,0,10,2025,2057
2025-10-07,13,7,1,1,10,2025,2058
2025-10-08,10,2,1,2,10,2025,2059
2025-10-09,5,2,0,3,10,2025,2060
2025-10-10,8,4,0,4,10,2025,2061
2025-10-11,6,2,0,5,10,2025,2062
2025-10-12,8,6,1,6,10,2025,2063
2025-10-13,3,1,0,0,10,2025,2064
2025-10-14,8,4,1,1,10,2025,2065
2025-10-15,13,6,1,2,10,2025,2066
2025-10-16,5,5,0,3,10,2025,2067
2025-10-17,7,5,1,4,10,2025,2068
2025-10-18,7,5,0,5,10,2025,2069
2025-10-19,6,4,1,6,10,2025,2070
2025-10-20,8,5,0,0,10,2025,2071
2025-10-21,8,3,1,1,10,2025,2072
2025-10-22,2,0,0,2,10,2025,2073
2025-10-23,6,4,0,3,10,2025,2074
2025-10-24,3,1,0,4,10,2025,2075
2025-10-25,5,5,1,5,10,2025,2076
2025-10-26,8,5,0,6,10,2025,2077
2025-10-27,3,1,0,0,10,2025,2078
2025-10-28,6,4,1,1,10,2025,2079
2025-10-29,5,5,1,2,10,2025,2080
2025-10-30,6,3,1,3,10,2025,2081
2025-10-31,3,3,1,4,10,2025,2082
2025-11-01,7,1,0,5,11,2025,2083
2025-11-02,10,9,0,6,11,2025,2084
2025-11-03,8,5,2,0,11,2025,2085
2025-11-04,4,3,0,1,11,2025,2086
2025-11-05,8,6,0,2,11,2025,2087
2025-11-06,3,2,0,3,11,2025,2088
2025-11-07,5,4,1,4,11,2025,2089
2025-11-08,6,5,0,5,11,2025,2090
2025-11-09,5,4,0,6,11,2025,2091
2025-11-10,3,1,0,0,11,2025,2092
2025-11-11,4,0,0,1,11,2025,2093
2025-11-12,4,2,0,2,11,2025,2094
2025-11-13,6,6,0,3,11,2025,2095
2025-11-14,3,3,0,4,11,2025,2096
2025-11-15,5,2,0,5,11,2025,2097
2025-11-16,6,3,1,6,11,2025,2098
2025-11-17,5,2,0,0,11,2025,2099
2025-11-18,7,4,0,1,11,2025,2100
2025-11-19,8,6,1,2,11,2025,2101
2025-11-20,4,2,1,3,11,2025,2102
2025-11-21,1,1,0,4,11,2025,2103
2025-11-22,3,1,0,5,11,2025,2104
2025-11-23,5,3,2,6,11,2025,2105
2025-11-24,8,3,0,0,11,2025,2106
2025-11-25,4,3,0,1,11,2025,2107
2025-11-26,2,1,1,2,11,2025,2108
2025-11-27,4,3,0,3,11,2025,2109
2025-11-28,2,2,1,4,11,2025,2110
2025-11-29,2,0,0,5,11,2025,2111
2025-11-30,7,5,0,6,11,2025,2112
2025-12-01,10,7,0,0,12,2025,2113
2025-12-02,2,1,0,1,12,2025,2114
2025-12-03,2,1,0,2,12,2025,2115
2025-12-04,4,3,0,3,12,2025,2116
2025-12-05,2,2,0,4,12,2025,2117
2025-12-06,4,1,0,5,12,2025,2118
2025-12-07,3,1,0,6,12,2025,2119
2025-12-08,4,3,1,0,12,2025,2120
2025-12-09,3,2,1,1,12,2025,2121
2025-12-10,1,0,0,2,12,2025,2122
2025-12-11,2,2,0,3,12,2025,2123
2025-12-12,3,3,2,4,12,2025,2124
2025-12-13,5,4,1,5,12,2025,2125
2025-12-14,5,3,0,6,12,2025,2126
2025-12-15,7,5,0,0,12,2025,2127
2025-12-16,3,2,0,1,12,2025,2128
2025-12-17,3,2,0,2,12,2025,2129
2025-12-18,4,2,0,3,12,2025,2130
2025-12-19,3,3,0,4,12,2025,2131
2025-12-20,5,4,0,5,12,2025,2132
2025-12-21,3,2,0,6,12,2025,2133
2025-12-22,1,1,0,0,12,2025,2134
2025-12-23,3,3,0,1,12,2025,2135
2025-12-24,3,2,1,2,12,2025,2136
2025-12-25,2,1,1,3,12,2025,2137
2025-12-26,5,4,1,4,12,2025,2138
2025-12-27,1,0,0,5,12,2025,2139
2025-12-28,1,1,0,6,12,2025,2140
2025-12-29,6,3,2,0,12,2025,2141
2025-12-30,4,2,1,1,12,2025,2142
2025-12-31,1,0,0,2,12,2025,2143
2026-01-01,3,3,0,3,1,2026,2144
2026-01-02,7,5,1,4,1,2026,2145
2026-01-03,1,0,0,5,1,2026,2146
2026-01-04,4,3,0,6,1,2026,2147
2026-01-05,6,4,0,0,1,2026,2148
2026-01-06,6,4,0,1,1,2026,2149
2026-01-07,6,3,0,2,1,2026,2150
2026-01-08,4,2,1,3,1,2026,2151
2026-01-09,8,7,2,4,1,2026,2152
2026-01-10,3,1,0,5,1,2026,2153
2026-01-11,5,4,1,6,1,2026,2154
2026-01-12,8,5,0,0,1,2026,2155
2026-01-13,7,6,0,1,1,2026,2156
2026-01-14,3,2,2,2,1,2026,2157
2026-01-15,3,2,0,3,1,2026,2158
2026-01-16,7,7,0,4,1,2026,2159
2026-01-17,2,1,0,5,1,2026,2160
2026-01-18,1,0,0,6,1,2026,2161
2026-01-19,4,3,0,0,1,2026,2162
2026-01-20,3,1,0,1,1,2026,2163
2026-01-21,3,1,1,2,1,2026,2164
2026-01-22,2,1,0,3,1,2026,2165
2026-01-23,6,6,1,4,1,2026,2166
2026-01-24,3,2,1,5,1,2026,2167
2026-01-25,6,3,0,6,1,2026,2168
2026-01-26,3,3,0,0,1,2026,2169
2026-01-27,3,3,0,1,1,2026,2170
2026-01-28,4,4,1,2,1,2026,2171
2026-01-29,1,1,0,3,1,2026,2172
2026-01-30,5,4,1,4,1,2026,2173
2026-01-31,1,1,0,5,1,2026,2174
2026-02-01,5,4,1,6,2,2026,2175
2026-02-02,7,5,0,0,2,2026,2176
2026-02-03,1,0,0,1,2,2026,2177
2026-02-04,4,4,0,2,2,2026,2178
2026-02-05,2,2,0,3,2,2026,2179
2026-02-06,4,1,0,4,2,2026,2180
2026-02-07,3,1,0,5,2,2026,2181
2026-02-08,3,2,0,6,2,2026,2182
2026-02-09,8,6,0,0,2,2026,2183
2026-02-10,5,4,0,1,2,2026,2184
2026-02-11,3,3,0,2,2,2026,2185
2026-02-12,4,4,1,3,2,2026,2186
2026-02-13,1,1,0,4,2,2026,2187
2026-02-14,7,5,0,5,2,2026,2188
2026-02-15,5,3,0,6,2,2026,2189
2026-02-16,2,0,0,0,2,2026,2190
2026-02-17,1,1,0,1,2,2026,2191
2026-02-18,1,1,1,2,2,2026,2192
2026-02-19,4,2,0,3,2,2026,2193
2026-02-20,2,1,0,4,2,2026,2194
2026-02-21,2,2,0,5,2,2026,2195
2026-02-22,1,1,0,6,2,2026,2196
2026-02-23,0,0,0,0,2,2026,2197
2026-02-24,2,1,0,1,2,2026,2198
2026-02-25,1,0,0,2,2,2026,2199
2026-02-26,1,1,0,3,2,2026,2200
2026-02-27,0,0,0,4,2,2026,2201
2026-02-28,3,2,0,5,2,2026,2202
2026-03-01,7,5,0,6,3,2026,2203
2026-03-02,3,3,0,0,3,2026,2204
2026-03-03,0,0,0,1,3,2026,2205
2026-03-04,1,1,0,2,3,2026,2206
2026-03-05,3,2,0,3,3,2026,2207
2026-03-06,1,1,0,4,3,2026,2208
2026-03-07,4,4,1,5,3,2026,2209
2026-03-08,2,0,0,6,3,2026,2210
2026-03-09,2,2,0,0,3,2026,2211
2026-03-10,1,1,0,1,3,2026,2212
2026-03-11,1,1,0,2,3,2026,2213
2026-03-12,1,1,0,3,3,2026,2214
2026-03-13,1,1,0,4,3,2026,2215
2026-03-14,3,2,0,5,3,2026,2216
2026-03-15,1,0,0,6,3,2026,2217
2026-03-16,2,1,0,0,3,2026,2218
2026-03-17,2,1,0,1,3,2026,2219
2026-03-18,2,2,0,2,3,2026,2220
2026-03-19,2,1,0,3,3,2026,2221
2026-03-20,1,1,0,4,3,2026,2222
2026-03-21,0,0,0,5,3,2026,2223
2026-03-22,1,1,0,6,3,2026,2224
2026-03-23,1,1,0,0,3,2026,2225
2026-03-24,1,1,1,1,3,2026,2226
2026-03-25,1,1,0,2,3,2026,2227
2026-03-26,2,1,0,3,3,2026,2228
2026-03-27,1,1,0,4,3,2026,2229
2026-03-28,2,0,0,5,3,2026,2230
2026-03-29,2,2,0,6,3,2026,2231
2026-03-30,0,0,0,0,3,2026,2232
2026-03-31,0,0,0,1,3,2026,2233
2026-04-01,2,2,0,2,4,2026,2234
2026-04-02,0,0,0,3,4,2026,2235
2026-04-03,0,0,0,4,4,2026,2236
2026-04-04,1,1,0,5,4,2026,2237
2026-04-05,1,0,0,6,4,2026,2238
2026-04-06,1,0,0,0,4,2026,2239
2026-04-07,0,0,0,1,4,2026,2240
2026-04-08,2,2,0,2,4,2026,2241
2026-04-09,1,1,1,3,4,2026,2242
2026-04-10,1,1,0,4,4,2026,2243
2026-04-11,1,1,0,5,4,2026,2244
2026-04-12,2,1,0,6,4,2026,2245
2026-04-13,2,0,0,0,4,2026,2246
2026-04-14,2,1,0,1,4,2026,2247
2026-04-15,3,2,0,2,4,2026,2248
2026-04-16,1,1,0,3,4,2026,2249
2026-04-17,0,0,0,4,4,2026,2250
2026-04-18,0,0,0,5,4,2026,2251
2026-04-19,1,0,0,6,4,2026,2252
2026-04-20,2,1,0,0,4,2026,2253
2026-04-21,1,0,0,1,4,2026,2254
2026-04-22,1,1,0,2,4,2026,2255
2026-04-23,0,0,0,3,4,2026,2256
2026-04-24,0,0,0,4,4,2026,2257
2026-04-25,2,2,0,5,4,2026,2258
2026-04-26,0,0,0,6,4,2026,2259
2026-04-27,2,2,0,0,4,2026,2260
2026-04-28,3,3,0,1,4,2026,2261
2026-04-29,1,1,0,2,4,2026,2262
2026-04-30,2,1,0,3,4,2026,2263
2026-05-01,0,0,0,4,5,2026,2264
2026-05-02,0,0,0,5,5,2026,2265
2026-05-03,3,3,1,6,5,2026,2266
2026-05-04,0,0,0,0,5,2026,2267
2026-05-05,1,1,1,1,5,2026,2268
2026-05-06,1,1,0,2,5,2026,2269
2026-05-07,1,0,0,3,5,2026,2270
2026-05-08,2,0,0,4,5,2026,2271
2026-05-09,1,1,0,5,5,2026,2272
2026-05-10,1,0,0,6,5,2026,2273
2026-05-11,1,1,0,0,5,2026,2274
2026-05-12,4,2,0,1,5,2026,2275
2026-05-13,0,0,0,2,5,2026,2276
2026-05-14,3,1,0,3,5,2026,2277
2026-05-15,1,1,0,4,5,2026,2278
2026-05-16,2,1,0,5,5,2026,2279
2026-05-17,3,1,0,6,5,2026,2280
2026-05-18,1,0,0,0,5,2026,2281
2026-05-19,3,3,1,1,5,2026,2282
2026-05-20,2,1,0,2,5,2026,2283
2026-05-21,1,1,0,3,5,2026,2284
2026-05-22,4,2,0,4,5,2026,2285
2026-05-23,1,0,0,5,5,2026,2286
2026-05-24,4,1,0,6,5,2026,2287
2026-05-25,5,2,0,0,5,2026,2288
2026-05-26,2,0,0,1,5,2026,2289
2026-05-27,4,3,0,2,5,2026,2290
2026-05-28,1,1,0,3,5,2026,2291
